timestamp,cash,realized_pnl,unrealized_pnl,total_exposure
2025-01-01 00:00:00,100000.0,0.0,0.0,0.0
2025-01-01 00:01:00,100000.0,0.0,0.0,0.0
2025-01-01 00:02:00,100000.0,0.0,0.0,0.0
2025-01-01 00:03:00,100000.0,0.0,0.0,0.0
2025-01-01 00:04:00,100000.0,0.0,0.0,0.0
2025-01-01 00:05:00,100000.0,0.0,0.0,0.0
2025-01-01 00:06:00,100000.0,0.0,0.0,0.0
2025-01-01 00:07:00,100000.0,0.0,0.0,0.0
2025-01-01 00:08:00,100000.0,0.0,0.0,0.0
2025-01-01 00:09:00,100000.0,0.0,0.0,0.0
2025-01-01 00:10:00,100000.0,0.0,0.0,0.0
2025-01-01 00:11:00,100000.0,0.0,0.0,0.0
2025-01-01 00:12:00,100000.0,0.0,0.0,0.0
2025-01-01 00:13:00,100000.0,0.0,0.0,0.0
2025-01-01 00:14:00,100000.0,0.0,0.0,0.0
2025-01-01 00:15:00,100000.0,0.0,0.0,0.0
2025-01-01 00:16:00,100000.0,0.0,0.0,0.0
2025-01-01 00:17:00,100000.0,0.0,0.0,0.0
2025-01-01 00:18:00,100000.0,0.0,0.0,0.0
2025-01-01 00:19:00,100000.0,0.0,0.0,0.0
2025-01-01 00:20:00,100000.0,0.0,0.0,0.0
2025-01-01 00:21:00,100000.0,0.0,0.0,0.0
2025-01-01 00:22:00,100000.0,0.0,0.0,0.0
2025-01-01 00:23:00,100000.0,0.0,0.0,0.0
2025-01-01 00:24:00,100000.0,0.0,0.0,0.0
2025-01-01 00:25:00,100000.0,0.0,0.0,0.0
2025-01-01 00:26:00,100000.0,0.0,0.0,0.0
2025-01-01 00:27:00,100000.0,0.0,0.0,0.0
2025-01-01 00:28:00,100000.0,0.0,0.0,0.0
2025-01-01 00:29:00,100000.0,0.0,0.0,0.0
2025-01-01 00:30:00,100000.0,0.0,0.0,0.0
2025-01-01 00:31:00,100000.0,0.0,0.0,0.0
2025-01-01 00:32:00,100000.0,0.0,0.0,0.0
2025-01-01 00:33:00,100000.0,0.0,0.0,0.0
2025-01-01 00:34:00,100000.0,0.0,0.0,0.0
2025-01-01 00:35:00,100000.0,0.0,0.0,0.0
2025-01-01 00:36:00,98999.30637259745,0.0,0.0,1000.6936274025541
2025-01-01 00:37:00,98007.01074146983,0.0,-8.397996274934485,1984.5912622552391
2025-01-01 00:38:00,97017.78341123869,0.0,-14.534598067889704,2967.6819906934256
2025-01-01 00:39:00,96033.29620352775,0.0,-28.754965628466493,3937.948830843798
2025-01-01 00:40:00,95050.63678469202,0.0,-36.06612112935608,4913.297094178636
2025-01-01 00:41:00,94059.99300433206,0.0,3.855686491787651,5943.862682159737
2025-01-01 00:42:00,93055.91371648232,0.0,84.46873143052215,7028.555014948216
2025-01-01 00:43:00,92048.20331620767,0.0,109.88651840486682,8061.683202197213
2025-01-01 00:44:00,91046.9938547944,0.0,57.879007513808176,9010.885152719424
2025-01-01 00:45:00,90046.14308707435,0.0,54.650764274842345,10008.507677200509
2025-01-01 00:46:00,89029.632571313,0.0,211.24824468781867,11181.615673374834
2025-01-01 00:47:00,88012.23721294936,0.0,220.98151331314966,12208.744300363818
2025-01-01 00:48:00,86997.88394149051,0.0,184.4764704554808,13186.592528964995
2025-01-01 00:49:00,85985.75891901241,0.0,155.50923370566295,14169.750314693265
2025-01-01 00:50:00,84970.01947083963,0.0,206.1111934312585,15236.091722591636
2025-01-01 00:51:00,83962.49221112739,0.0,82.9283665231651,16120.43615539578
2025-01-01 00:52:00,82960.0202904068,0.0,2.04294265691658,17042.02265225013
2025-01-01 00:53:00,81948.37172049456,0.0,158.04597891487873,18209.67425842033
2025-01-01 00:54:00,80933.39734468287,0.0,217.9104851048517,19284.513140421986
2025-01-01 00:55:00,79917.43765662065,0.0,236.63141786527717,20319.19376124464
2025-01-01 00:56:00,78891.63692593417,0.0,433.45227035024095,21541.81534441609
2025-01-01 00:57:00,77873.0378610145,0.0,282.21728924742337,22409.17942823295
2025-01-01 00:58:00,76857.77635965616,0.0,208.79089089793226,23351.0145312418
2025-01-01 00:59:00,75839.50846312706,0.0,277.9379798252364,24438.429516698194
2025-01-01 01:00:00,74818.58232456916,0.0,341.7357885165444,25523.153463947398
2025-01-01 01:01:00,73812.10607587436,0.0,-19.51145806079495,26168.38246606486
2025-01-01 01:02:00,72809.86352244443,0.0,-129.5875349476431,27060.548942607933
2025-01-01 01:03:00,45792.95937877931,-173.23233389045555,0.0,0.0
2025-01-01 01:04:00,45792.95937877931,-173.23233389045555,0.0,0.0
2025-01-01 01:05:00,45792.95937877931,-173.23233389045555,0.0,0.0
2025-01-01 01:06:00,45792.95937877931,-173.23233389045555,0.0,0.0
2025-01-01 01:07:00,45792.95937877931,-173.23233389045555,0.0,0.0
2025-01-01 01:08:00,45792.95937877931,-173.23233389045555,0.0,0.0
2025-01-01 01:09:00,45792.95937877931,-173.23233389045555,0.0,0.0
2025-01-01 01:10:00,45792.95937877931,-173.23233389045555,0.0,0.0
2025-01-01 01:11:00,45792.95937877931,-173.23233389045555,0.0,0.0
2025-01-01 01:12:00,45792.95937877931,-173.23233389045555,0.0,0.0
2025-01-01 01:13:00,44768.43211829652,-173.23233389045555,0.0,1024.5272604827878
2025-01-01 01:14:00,43736.20109891328,-173.23233389045555,7.703758900450737,2064.4620387664777
2025-01-01 01:15:00,42689.490001514416,-173.23233389045555,36.66391493170238,3140.1332921965936
2025-01-01 01:16:00,41657.4522347588,-173.23233389045555,-7.356076998050298,4128.151067022455
2025-01-01 01:17:00,40635.63717697197,-173.23233389045555,-48.246912873177195,5109.07528893416
2025-01-01 01:18:00,39619.60863465812,-173.23233389045555,-77.17949023810746,6096.171253883076
2025-01-01 01:19:00,38619.33527539913,-173.23233389045555,-171.71058856723903,7001.913514812935
2025-01-01 01:20:00,37618.37609896884,-173.23233389045555,-166.90986836813863,8007.673411442327
2025-01-01 01:21:00,29684.327177469608,-413.76669220169134,0.0,0.0
2025-01-01 01:22:00,29684.327177469608,-413.76669220169134,0.0,0.0
2025-01-01 01:23:00,29684.327177469608,-413.76669220169134,0.0,0.0
2025-01-01 01:24:00,29684.327177469608,-413.76669220169134,0.0,0.0
2025-01-01 01:25:00,29684.327177469608,-413.76669220169134,0.0,0.0
2025-01-01 01:26:00,29684.327177469608,-413.76669220169134,0.0,0.0
2025-01-01 01:27:00,29684.327177469608,-413.76669220169134,0.0,0.0
2025-01-01 01:28:00,29684.327177469608,-413.76669220169134,0.0,0.0
2025-01-01 01:29:00,29684.327177469608,-413.76669220169134,0.0,0.0
2025-01-01 01:30:00,29684.327177469608,-413.76669220169134,0.0,0.0
2025-01-01 01:31:00,29684.327177469608,-413.76669220169134,0.0,0.0
2025-01-01 01:32:00,29684.327177469608,-413.76669220169134,0.0,0.0
2025-01-01 01:33:00,29684.327177469608,-413.76669220169134,0.0,0.0
2025-01-01 01:34:00,29684.327177469608,-413.76669220169134,0.0,0.0
2025-01-01 01:35:00,29684.327177469608,-413.76669220169134,0.0,0.0
2025-01-01 01:36:00,29684.327177469608,-413.76669220169134,0.0,0.0
2025-01-01 01:37:00,29684.327177469608,-413.76669220169134,0.0,0.0
2025-01-01 01:38:00,28673.88215400905,-413.76669220169134,0.0,1010.4450234605588
2025-01-01 01:39:00,27673.285752979886,-413.76669220169134,-9.848622431394176,2001.192802058329
2025-01-01 01:40:00,26664.81381173262,-413.76669220169134,5.902458004809148,3025.4158237417987
2025-01-01 01:41:00,25646.62649253325,-413.76669220169134,35.04859186111844,4072.7492767974773
2025-01-01 01:42:00,24624.23629027974,-413.76669220169134,51.86012407768388,5111.9510112675525
2025-01-01 01:43:00,23604.354912081737,-413.76669220169134,39.316003800144586,6119.288269188017
2025-01-01 01:44:00,22592.16074866476,-413.76669220169134,-6.807284886011047,7085.359143918838
2025-01-01 01:45:00,21580.747004250366,-413.76669220169134,-12.270217904100491,8091.3099553151405
2025-01-01 01:46:00,20565.882801873337,-413.76669220169134,15.333445796991612,9133.777821393262
2025-01-01 01:47:00,19550.886647950007,-413.76669220169134,16.521009713697765,10149.961539233298
2025-01-01 01:48:00,18521.137179047564,-413.76669220169134,164.05415950481284,11327.244157926856
2025-01-01 01:49:00,17484.944903954416,-413.76669220169134,234.92502760258276,12434.307301117773
2025-01-01 01:50:00,16457.63442924623,-413.76669220169134,128.34342298302886,13355.036171206406
2025-01-01 01:51:00,15441.325345343492,-413.76669220169134,-14.674657487766751,14228.327174638349
2025-01-01 01:52:00,14420.112850457312,-413.76669220169134,53.97309628041498,15318.187423292711
2025-01-01 01:53:00,13401.182385456299,-413.76669220169134,19.7426480028912,16302.8874400162
2025-01-01 01:54:00,12374.976751900724,-413.76669220169134,136.145344875888,17445.49577044477
2025-01-01 01:55:00,11343.914727181671,-413.76669220169134,218.70399465501634,18559.116444942953
2025-01-01 01:56:00,10313.603613724039,-413.76669220169134,205.18759194944266,19575.91115569501
2025-01-01 01:57:00,9292.017110051727,-413.76669220169134,39.42000602836515,20431.730073446244
2025-01-01 01:58:00,8285.90608117806,-413.76669220169134,-270.0894899445432,21128.331606347005
2025-01-01 01:59:00,-12887.659961377214,-638.6217459379625,0.0,0.0
2025-01-01 02:00:00,-12887.659961377214,-638.6217459379625,0.0,0.0
2025-01-01 02:01:00,-12887.659961377214,-638.6217459379625,0.0,0.0
2025-01-01 02:02:00,-12887.659961377214,-638.6217459379625,0.0,0.0
2025-01-01 02:03:00,-12887.659961377214,-638.6217459379625,0.0,0.0
2025-01-01 02:04:00,-12887.659961377214,-638.6217459379625,0.0,0.0
2025-01-01 02:05:00,-12887.659961377214,-638.6217459379625,0.0,0.0
2025-01-01 02:06:00,-12887.659961377214,-638.6217459379625,0.0,0.0
2025-01-01 02:07:00,-12887.659961377214,-638.6217459379625,0.0,0.0
2025-01-01 02:08:00,-12887.659961377214,-638.6217459379625,0.0,0.0
2025-01-01 02:09:00,-12887.659961377214,-638.6217459379625,0.0,0.0
2025-01-01 02:10:00,-13940.928242350712,-638.6217459379625,0.0,1053.2682809734977
2025-01-01 02:11:00,-15004.244721299012,-638.6217459379625,10.048197974801951,2126.6329578965992
2025-01-01 02:12:00,-16074.487550764874,-638.6217459379625,23.90089900992635,3210.728488397585
2025-01-01 02:13:00,-17136.45927378784,-638.6217459379625,-0.9124203187514013,4247.886892091876
2025-01-01 02:14:00,-18195.916050172375,-638.6217459379625,-10.972206872495605,5297.283881922666
2025-01-01 02:15:00,-19279.895633591696,-638.6217459379625,111.64182830144199,6503.877500515924
2025-01-01 02:16:00,-20343.634443555027,-638.6217459379625,-9.80281243449781,7446.171669743315
2025-01-01 02:17:00,-21402.35313110537,-638.6217459379625,-44.94366932540288,8469.749500402755
2025-01-01 02:18:00,-22472.600742124,-638.6217459379625,47.287718420873546,9632.22849916766
2025-01-01 02:19:00,-23535.192832282744,-638.6217459379625,-21.611969318068702,10625.920901587464
2025-01-01 02:20:00,-24605.006274366566,-638.6217459379625,50.60154993269748,11767.947862922054
2025-01-01 02:21:00,-25675.307250119484,-638.6217459379625,55.964420292754085,12843.611709035029
2025-01-01 02:22:00,-26738.634140993967,-638.6217459379625,-27.72459824845967,13823.2495813683
2025-01-01 02:23:00,-27780.42714616597,-638.6217459379625,-307.665112380719,14585.102072408044
2025-01-01 02:24:00,-28824.162619347084,-638.6217459379625,-280.4705602531875,15656.032097716687
2025-01-01 02:25:00,-29859.62627244886,-638.6217459379625,-404.547861443275,16567.418449628378
2025-01-01 02:26:00,-46408.035855705195,-1062.1784737532723,0.0,0.0
2025-01-01 02:27:00,-46408.035855705195,-1062.1784737532723,0.0,0.0
2025-01-01 02:28:00,-46408.035855705195,-1062.1784737532723,0.0,0.0
2025-01-01 02:29:00,-46408.035855705195,-1062.1784737532723,0.0,0.0
2025-01-01 02:30:00,-46408.035855705195,-1062.1784737532723,0.0,0.0
2025-01-01 02:31:00,-46408.035855705195,-1062.1784737532723,0.0,0.0
2025-01-01 02:32:00,-46408.035855705195,-1062.1784737532723,0.0,0.0
2025-01-01 02:33:00,-46408.035855705195,-1062.1784737532723,0.0,0.0
2025-01-01 02:34:00,-46408.035855705195,-1062.1784737532723,0.0,0.0
2025-01-01 02:35:00,-46408.035855705195,-1062.1784737532723,0.0,0.0
2025-01-01 02:36:00,-47479.739848111,-1062.1784737532723,0.0,1071.7039924058035
2025-01-01 02:37:00,-48556.20027104732,-1062.1784737532723,4.7564305305155585,2152.9208458726384
2025-01-01 02:38:00,-49640.99932299139,-1062.1784737532723,21.433688546024,3254.3971558322205
2025-01-01 02:39:00,-50690.63713755942,-1062.1784737532723,-84.05002358210254,4198.551258272126
2025-01-01 02:40:00,-51729.522592076246,-1062.1784737532723,-127.0594637869273,5194.427272584126
2025-01-01 02:41:00,-52785.366930187505,-1062.1784737532723,-42.26504581475723,6335.066028667555
2025-01-01 02:42:00,-53826.11120153258,-1062.1784737532723,-132.86544641185912,7285.2098994155285
2025-01-01 02:43:00,-61216.32088528078,-1090.0441358324547,0.0,0.0
2025-01-01 02:44:00,-61216.32088528078,-1090.0441358324547,0.0,0.0
2025-01-01 02:45:00,-61216.32088528078,-1090.0441358324547,0.0,0.0
2025-01-01 02:46:00,-61216.32088528078,-1090.0441358324547,0.0,0.0
2025-01-01 02:47:00,-61216.32088528078,-1090.0441358324547,0.0,0.0
2025-01-01 02:48:00,-61216.32088528078,-1090.0441358324547,0.0,0.0
2025-01-01 02:49:00,-61216.32088528078,-1090.0441358324547,0.0,0.0
2025-01-01 02:50:00,-61216.32088528078,-1090.0441358324547,0.0,0.0
2025-01-01 02:51:00,-61216.32088528078,-1090.0441358324547,0.0,0.0
2025-01-01 02:52:00,-61216.32088528078,-1090.0441358324547,0.0,0.0
2025-01-01 02:53:00,-61216.32088528078,-1090.0441358324547,0.0,0.0
2025-01-01 02:54:00,-61216.32088528078,-1090.0441358324547,0.0,0.0
2025-01-01 02:55:00,-61216.32088528078,-1090.0441358324547,0.0,0.0
2025-01-01 02:56:00,-61216.32088528078,-1090.0441358324547,0.0,0.0
2025-01-01 02:57:00,-61216.32088528078,-1090.0441358324547,0.0,0.0
2025-01-01 02:58:00,-61216.32088528078,-1090.0441358324547,0.0,0.0
2025-01-01 02:59:00,-62259.00954824861,-1090.0441358324547,0.0,1042.6886629678283
2025-01-01 03:00:00,-63295.857267018204,-1090.0441358324547,-5.840944198228897,2073.695437539199
2025-01-01 03:01:00,-64332.488268087596,-1090.0441358324547,-6.274379598636273,3109.893003208187
2025-01-01 03:02:00,-65370.335521185116,-1090.0441358324547,-2.6256235142687956,4151.389012390072
2025-01-01 03:03:00,-66413.86080942488,-1090.0441358324547,20.086517054698305,5217.6264411987995
2025-01-01 03:04:00,-67455.27616620553,-1090.0441358324547,9.536859759145386,6248.492140683897
2025-01-01 03:05:00,-68505.28753560192,-1090.0441358324547,61.11293545358237,7350.079585774722
2025-01-01 03:06:00,-69563.84084866745,-1090.0441358324547,120.90654113757523,8468.426504524246
2025-01-01 03:07:00,-70636.21335089748,-1090.0441358324547,231.46005445357872,9651.35252007028
2025-01-01 03:08:00,-71708.81109254959,-1090.0441358324547,233.48720925231277,10725.977416521127
2025-01-01 03:09:00,-72784.88583517769,-1090.0441358324547,268.2572190121824,11836.822168909097
2025-01-01 03:10:00,-73859.56014126845,-1090.0441358324547,252.85241710149307,12896.091673089171
2025-01-01 03:11:00,-74925.44123990939,-1090.0441358324547,147.3339277035275,13856.454282332139
2025-01-01 03:12:00,-76013.62469903223,-1090.0441358324547,437.2646139682183,15234.568427719663
2025-01-01 03:13:00,-77114.41052911879,-1090.0441358324547,613.6978074604472,16511.787451298456
2025-01-01 03:14:00,-78223.91086996258,-1090.0441358324547,744.4154688188337,17752.005453500627
2025-01-01 03:15:00,-79333.27533281989,-1090.0441358324547,742.2414210351718,18859.195868574276
2025-01-01 03:16:00,-80432.6859745385,-1090.0441358324547,573.0264616773147,19789.39155093503
2025-01-01 03:17:00,-81542.8171863758,-1090.0441358324547,765.9967238137848,21092.49302490881
2025-01-01 03:18:00,-82651.31586832175,-1090.0441358324547,734.9786558778362,22169.9736389188
2025-01-01 03:19:00,-83764.39188999568,-1090.0441358324547,826.5254504375491,23374.596455152438
2025-01-01 03:20:00,-84871.19322884406,-1090.0441358324547,694.7571111010052,24349.629454664268
2025-01-01 03:21:00,-85980.7058609812,-1090.0441358324547,754.405563453779,25518.790539154183
2025-01-01 03:22:00,-87084.59389454983,-1090.0441358324547,625.0397963782848,26493.31280564732
2025-01-01 03:23:00,-88183.28219262922,-1090.0441358324547,500.2461446363995,27467.207451984832
2025-01-01 03:24:00,-89284.51999621607,-1090.0441358324547,563.9837823226255,28632.1828932579
2025-01-01 03:25:00,-90369.81094760651,-1090.0441358324547,149.36562521648085,29302.855687542207
2025-01-01 03:26:00,-119260.23955648873,-1353.1055892759723,0.0,0.0
2025-01-01 03:27:00,-119260.23955648873,-1353.1055892759723,0.0,0.0
2025-01-01 03:28:00,-119260.23955648873,-1353.1055892759723,0.0,0.0
2025-01-01 03:29:00,-119260.23955648873,-1353.1055892759723,0.0,0.0
2025-01-01 03:30:00,-119260.23955648873,-1353.1055892759723,0.0,0.0
2025-01-01 03:31:00,-119260.23955648873,-1353.1055892759723,0.0,0.0
2025-01-01 03:32:00,-119260.23955648873,-1353.1055892759723,0.0,0.0
2025-01-01 03:33:00,-119260.23955648873,-1353.1055892759723,0.0,0.0
2025-01-01 03:34:00,-119260.23955648873,-1353.1055892759723,0.0,0.0
2025-01-01 03:35:00,-119260.23955648873,-1353.1055892759723,0.0,0.0
2025-01-01 03:36:00,-119260.23955648873,-1353.1055892759723,0.0,0.0
2025-01-01 03:37:00,-119260.23955648873,-1353.1055892759723,0.0,0.0
2025-01-01 03:38:00,-119260.23955648873,-1353.1055892759723,0.0,0.0
2025-01-01 03:39:00,-119260.23955648873,-1353.1055892759723,0.0,0.0
2025-01-01 03:40:00,-119260.23955648873,-1353.1055892759723,0.0,0.0
2025-01-01 03:41:00,-119260.23955648873,-1353.1055892759723,0.0,0.0
2025-01-01 03:42:00,-120344.83083072887,-1353.1055892759723,0.0,1084.5912742401347
2025-01-01 03:43:00,-121453.17251650573,-1353.1055892759723,23.750411536733225,2216.683371553736
2025-01-01 03:44:00,-122552.55549544058,-1353.1055892759723,5.832997852712083,3298.148936804572
2025-01-01 03:45:00,-123628.58872629204,-1353.1055892759723,-64.21624639744948,4304.132923405879
2025-01-01 03:46:00,-124698.96465839735,-1353.1055892759723,-86.84544138207144,5351.8796605265725
2025-01-01 03:47:00,-125772.99866421391,-1353.1055892759723,-68.55507282581925,6444.20403489939
2025-01-01 03:48:00,-126867.18338285087,-1353.1055892759723,52.349204096537534,7659.293030458704
2025-01-01 03:49:00,-127951.53778544394,-1353.1055892759723,-16.46300821066575,8674.835220744573
2025-01-01 03:50:00,-129041.22633523044,-1353.1055892759723,26.210169336774527,9807.196948078516
2025-01-01 03:51:00,-130116.52845492956,-1353.1055892759723,-103.2677014496727,10753.021196991187
2025-01-01 03:52:00,-131211.52428955934,-1353.1055892759723,93.66944785679877,12044.954180927425
2025-01-01 03:53:00,-132319.43494438296,-1353.1055892759723,235.73246998915295,13294.927857883396
2025-01-01 03:54:00,-133422.14755216707,-1353.1055892759723,173.35590551508034,14335.263901193432
2025-01-01 03:55:00,-134505.9692095106,-1353.1055892759723,-72.22645021256426,15173.50320280931
2025-01-01 03:56:00,-135604.4644288581,-1353.1055892759723,133.20341784337657,16477.428290212767
2025-01-01 03:57:00,-136701.70143348127,-1353.1055892759723,114.33019697815553,17555.79207397072
2025-01-01 03:58:00,-137812.52021672868,-1353.1055892759723,331.6386549659113,18883.919315205876
2025-01-01 03:59:00,-138923.3972479775,-1353.1055892759723,332.62887098982304,19995.786562478603
2025-01-01 04:00:00,-140034.79617585157,-1353.1055892759723,342.02301024480676,21116.579629607673
2025-01-01 04:01:00,-141141.1930809009,-1353.1055892759723,246.9845765745248,22127.938100986725
2025-01-01 04:02:00,-142254.48117832484,-1353.1055892759723,384.8084240664126,23379.050045902546
2025-01-01 04:03:00,-143369.10851269835,-1353.1055892759723,412.9324000073723,24521.801356217005
2025-01-01 04:04:00,-144489.4699229349,-1353.1055892759723,539.0820689945015,25768.312435440683
2025-01-01 04:05:00,-145592.64371001354,-1353.1055892759723,143.76673636297596,26476.17088988782
2025-01-01 04:06:00,-146709.91249287495,-1353.1055892759723,482.04663514931315,27931.719571535577
2025-01-01 04:07:00,-147844.51181253363,-1353.1055892759723,915.3100550805927,29499.582311125534
2025-01-01 04:08:00,-148980.423575806,-1353.1055892759723,949.4335890369068,30669.617608354227
2025-01-01 04:09:00,-150139.7436171685,-1353.1055892759723,1581.457097470302,32460.961158150127
2025-01-01 04:10:00,-151319.41367671167,-1353.1055892759723,2151.257606528939,34210.43172675193
2025-01-01 04:11:00,-152506.6970431036,-1353.1055892759723,2372.0435051426434,35618.50099175756
2025-01-01 04:12:00,-153710.22994432529,-1353.1055892759723,2859.5295500358106,37309.519937872414
2025-01-01 04:13:00,-154926.5013324808,-1353.1055892759723,3254.4226449842836,38920.684420976395
2025-01-01 04:14:00,-156121.38167547077,-1353.1055892759723,2569.909199686442,39431.05131866851
2025-01-01 04:15:00,-157313.04292915328,-1353.1055892759723,2463.6792525406095,40516.48262520518
2025-01-01 04:16:00,-158513.2548558769,-1353.1055892759723,2754.402135938686,42007.41743532688
2025-01-01 04:17:00,-159733.01362061896,-1353.1055892759723,3438.5414665834514,43911.3155307137
2025-01-01 04:18:00,-160935.9384768621,-1353.1055892759723,2832.5207606227336,44508.21968099612
2025-01-01 04:19:00,-162118.37292234536,-1353.1055892759723,2074.375562507029,44932.50892836367
2025-01-01 04:20:00,-163300.15055270318,-1353.1055892759723,2049.4165877408077,46089.32758395527
2025-01-01 04:21:00,-164457.49561480214,-1353.1055892759723,1096.5464256448286,46293.80248395824
2025-01-01 04:22:00,-165613.80925052447,-1353.1055892759723,1055.2893705791514,47408.85906461488
2025-01-01 04:23:00,-213196.46836096476,-124.01617287142199,0.0,0.0
2025-01-01 04:24:00,-213196.46836096476,-124.01617287142199,0.0,0.0
2025-01-01 04:25:00,-213196.46836096476,-124.01617287142199,0.0,0.0
2025-01-01 04:26:00,-213196.46836096476,-124.01617287142199,0.0,0.0
2025-01-01 04:27:00,-213196.46836096476,-124.01617287142199,0.0,0.0
2025-01-01 04:28:00,-213196.46836096476,-124.01617287142199,0.0,0.0
2025-01-01 04:29:00,-213196.46836096476,-124.01617287142199,0.0,0.0
2025-01-01 04:30:00,-213196.46836096476,-124.01617287142199,0.0,0.0
2025-01-01 04:31:00,-213196.46836096476,-124.01617287142199,0.0,0.0
2025-01-01 04:32:00,-213196.46836096476,-124.01617287142199,0.0,0.0
2025-01-01 04:33:00,-213196.46836096476,-124.01617287142199,0.0,0.0
2025-01-01 04:34:00,-213196.46836096476,-124.01617287142199,0.0,0.0
2025-01-01 04:35:00,-213196.46836096476,-124.01617287142199,0.0,0.0
2025-01-01 04:36:00,-213196.46836096476,-124.01617287142199,0.0,0.0
2025-01-01 04:37:00,-213196.46836096476,-124.01617287142199,0.0,0.0
2025-01-01 04:38:00,-213196.46836096476,-124.01617287142199,0.0,0.0
2025-01-01 04:39:00,-213196.46836096476,-124.01617287142199,0.0,0.0
2025-01-01 04:40:00,-213196.46836096476,-124.01617287142199,0.0,0.0
2025-01-01 04:41:00,-213196.46836096476,-124.01617287142199,0.0,0.0
2025-01-01 04:42:00,-213196.46836096476,-124.01617287142199,0.0,0.0
2025-01-01 04:43:00,-213196.46836096476,-124.01617287142199,0.0,0.0
2025-01-01 04:44:00,-213196.46836096476,-124.01617287142199,0.0,0.0
2025-01-01 04:45:00,-213196.46836096476,-124.01617287142199,0.0,0.0
2025-01-01 04:46:00,-213196.46836096476,-124.01617287142199,0.0,0.0
2025-01-01 04:47:00,-213196.46836096476,-124.01617287142199,0.0,0.0
2025-01-01 04:48:00,-213196.46836096476,-124.01617287142199,0.0,0.0
2025-01-01 04:49:00,-213196.46836096476,-124.01617287142199,0.0,0.0
2025-01-01 04:50:00,-213196.46836096476,-124.01617287142199,0.0,0.0
2025-01-01 04:51:00,-213196.46836096476,-124.01617287142199,0.0,0.0
2025-01-01 04:52:00,-213196.46836096476,-124.01617287142199,0.0,0.0
2025-01-01 04:53:00,-213196.46836096476,-124.01617287142199,0.0,0.0
2025-01-01 04:54:00,-213196.46836096476,-124.01617287142199,0.0,0.0
2025-01-01 04:55:00,-213196.46836096476,-124.01617287142199,0.0,0.0
2025-01-01 04:56:00,-213196.46836096476,-124.01617287142199,0.0,0.0
2025-01-01 04:57:00,-213196.46836096476,-124.01617287142199,0.0,0.0
2025-01-01 04:58:00,-213196.46836096476,-124.01617287142199,0.0,0.0
2025-01-01 04:59:00,-213196.46836096476,-124.01617287142199,0.0,0.0
2025-01-01 05:00:00,-213196.46836096476,-124.01617287142199,0.0,0.0
2025-01-01 05:01:00,-213196.46836096476,-124.01617287142199,0.0,0.0
2025-01-01 05:02:00,-213196.46836096476,-124.01617287142199,0.0,0.0
2025-01-01 05:03:00,-213196.46836096476,-124.01617287142199,0.0,0.0
2025-01-01 05:04:00,-213196.46836096476,-124.01617287142199,0.0,0.0
2025-01-01 05:05:00,-213196.46836096476,-124.01617287142199,0.0,0.0
2025-01-01 05:06:00,-213196.46836096476,-124.01617287142199,0.0,0.0
2025-01-01 05:07:00,-213196.46836096476,-124.01617287142199,0.0,0.0
2025-01-01 05:08:00,-213196.46836096476,-124.01617287142199,0.0,0.0
2025-01-01 05:09:00,-213196.46836096476,-124.01617287142199,0.0,0.0
2025-01-01 05:10:00,-213196.46836096476,-124.01617287142199,0.0,0.0
2025-01-01 05:11:00,-213196.46836096476,-124.01617287142199,0.0,0.0
2025-01-01 05:12:00,-213196.46836096476,-124.01617287142199,0.0,0.0
2025-01-01 05:13:00,-213196.46836096476,-124.01617287142199,0.0,0.0
2025-01-01 05:14:00,-213196.46836096476,-124.01617287142199,0.0,0.0
2025-01-01 05:15:00,-213196.46836096476,-124.01617287142199,0.0,0.0
2025-01-01 05:16:00,-213196.46836096476,-124.01617287142199,0.0,0.0
2025-01-01 05:17:00,-213196.46836096476,-124.01617287142199,0.0,0.0
2025-01-01 05:18:00,-213196.46836096476,-124.01617287142199,0.0,0.0
2025-01-01 05:19:00,-213196.46836096476,-124.01617287142199,0.0,0.0
2025-01-01 05:20:00,-213196.46836096476,-124.01617287142199,0.0,0.0
2025-01-01 05:21:00,-213196.46836096476,-124.01617287142199,0.0,0.0
2025-01-01 05:22:00,-213196.46836096476,-124.01617287142199,0.0,0.0
2025-01-01 05:23:00,-214283.43340323964,-124.01617287142199,0.0,1086.9650422748678
2025-01-01 05:24:00,-215363.83333767438,-124.01617287142199,-6.56510784011914,2160.7998688694965
2025-01-01 05:25:00,-216445.16878811622,-124.01617287142199,-4.694075825950961,3244.0063513254977
2025-01-01 05:26:00,-217524.8208454235,-124.01617287142199,-9.74425522963827,4318.608229229081
2025-01-01 05:27:00,-218608.1178368174,-124.01617287142199,4.835481116838025,5416.484956969447
2025-01-01 05:28:00,-219686.95297742903,-124.01617287142199,-17.473772794408546,6473.010843669841
2025-01-01 05:29:00,-220770.04360636554,-124.01617287142199,8.059157154826835,7581.634402555589
2025-01-01 05:30:00,-221848.574591841,-124.01617287142199,-23.85834707246204,8628.247883803771
2025-01-01 05:31:00,-222936.50092716512,-124.01617287142199,51.30445171667532,9791.337017917022
2025-01-01 05:32:00,-224020.88036662343,-124.01617287142199,19.382388924405802,10843.794394583058
2025-01-01 05:33:00,-225083.1588026717,-124.01617287142199,-201.62764517583298,11685.062796531101
2025-01-01 05:34:00,-236650.42608072888,-443.4393365211869,0.0,0.0
2025-01-01 05:35:00,-236650.42608072888,-443.4393365211869,0.0,0.0
2025-01-01 05:36:00,-236650.42608072888,-443.4393365211869,0.0,0.0
2025-01-01 05:37:00,-236650.42608072888,-443.4393365211869,0.0,0.0
2025-01-01 05:38:00,-236650.42608072888,-443.4393365211869,0.0,0.0
2025-01-01 05:39:00,-236650.42608072888,-443.4393365211869,0.0,0.0
2025-01-01 05:40:00,-236650.42608072888,-443.4393365211869,0.0,0.0
2025-01-01 05:41:00,-236650.42608072888,-443.4393365211869,0.0,0.0
2025-01-01 05:42:00,-236650.42608072888,-443.4393365211869,0.0,0.0
2025-01-01 05:43:00,-236650.42608072888,-443.4393365211869,0.0,0.0
2025-01-01 05:44:00,-236650.42608072888,-443.4393365211869,0.0,0.0
2025-01-01 05:45:00,-237718.4473515474,-443.4393365211869,0.0,1068.0212708185204
2025-01-01 05:46:00,-238781.3671392328,-443.4393365211869,-5.1014831330999755,2125.839575370841
2025-01-01 05:47:00,-239855.3151442909,-443.4393365211869,16.954951612215012,3221.8440151742343
2025-01-01 05:48:00,-240923.785838408,-443.4393365211869,0.523018789306775,4273.882776468434
2025-01-01 05:49:00,-241989.3729979307,-443.4393365211869,-11.011119588201268,5327.935797613656
2025-01-01 05:50:00,-247265.16089315715,-506.59835849660703,0.0,0.0
2025-01-01 05:51:00,-248328.30589496347,-506.59835849660703,0.0,1063.145001806331
2025-01-01 05:52:00,-249381.64694221743,-516.4023130489927,0.0,0.0
2025-01-01 05:53:00,-249381.64694221743,-516.4023130489927,0.0,0.0
2025-01-01 05:54:00,-249381.64694221743,-516.4023130489927,0.0,0.0
2025-01-01 05:55:00,-249381.64694221743,-516.4023130489927,0.0,0.0
2025-01-01 05:56:00,-250455.86095662677,-516.4023130489927,0.0,1074.2140144093312
2025-01-01 05:57:00,-251533.08243325597,-516.4023130489927,3.0074622198767997,2154.442953258416
2025-01-01 05:58:00,-252598.17990015057,-516.4023130489927,-21.240557249338252,3195.292400683801
2025-01-01 05:59:00,-253664.44252823142,-516.4023130489927,-17.74507369058483,4265.050512323406
2025-01-01 06:00:00,-254738.44373459,-516.4023130489927,13.209239420279317,5370.006031792837
2025-01-01 06:01:00,-255803.95523576112,-516.4023130489927,-29.239286516915683,6393.069007026771
2025-01-01 06:02:00,-256874.4902865019,-516.4023130489927,0.9020109010846511,7493.745355185567
2025-01-01 06:03:00,-257962.0809585046,-516.4023130489927,120.29135973431153,8700.725376021477
2025-01-01 06:04:00,-259044.1116964966,-516.4023130489927,75.81188764886306,9738.276641928032
2025-01-01 06:05:00,-260115.43460614877,-516.4023130489927,-20.55856740977191,10713.229096521552
2025-01-01 06:06:00,-261185.40993170856,-516.4023130489927,-34.034408333506576,11769.728581157602
2025-01-01 06:07:00,-262255.98150008003,-516.4023130489927,-27.475737405038103,12846.85882045753
2025-01-01 06:08:00,-263338.26717175177,-516.4023130489927,113.09350219834386,14069.713731732656
2025-01-01 06:09:00,-264418.84274657705,-516.4023130489927,90.8622431947532,15128.058047554377
2025-01-01 06:10:00,-265494.80554882693,-516.4023130489927,26.283427139087223,16139.442033748619
2025-01-01 06:11:00,-266559.8784844791,-516.4023130489927,-137.06457182706117,17041.166970434635
2025-01-01 06:12:00,-283319.0385663397,-935.4737734500777,0.0,0.0
2025-01-01 06:13:00,-283319.0385663397,-935.4737734500777,0.0,0.0
2025-01-01 06:14:00,-283319.0385663397,-935.4737734500777,0.0,0.0
2025-01-01 06:15:00,-283319.0385663397,-935.4737734500777,0.0,0.0
2025-01-01 06:16:00,-283319.0385663397,-935.4737734500777,0.0,0.0
2025-01-01 06:17:00,-283319.0385663397,-935.4737734500777,0.0,0.0
2025-01-01 06:18:00,-283319.0385663397,-935.4737734500777,0.0,0.0
2025-01-01 06:19:00,-283319.0385663397,-935.4737734500777,0.0,0.0
2025-01-01 06:20:00,-283319.0385663397,-935.4737734500777,0.0,0.0
2025-01-01 06:21:00,-283319.0385663397,-935.4737734500777,0.0,0.0
2025-01-01 06:22:00,-283319.0385663397,-935.4737734500777,0.0,0.0
2025-01-01 06:23:00,-283319.0385663397,-935.4737734500777,0.0,0.0
2025-01-01 06:24:00,-283319.0385663397,-935.4737734500777,0.0,0.0
2025-01-01 06:25:00,-283319.0385663397,-935.4737734500777,0.0,0.0
2025-01-01 06:26:00,-283319.0385663397,-935.4737734500777,0.0,0.0
2025-01-01 06:27:00,-283319.0385663397,-935.4737734500777,0.0,0.0
2025-01-01 06:28:00,-283319.0385663397,-935.4737734500777,0.0,0.0
2025-01-01 06:29:00,-283319.0385663397,-935.4737734500777,0.0,0.0
2025-01-01 06:30:00,-284342.8647053051,-935.4737734500777,0.0,1023.8261389653503
2025-01-01 06:31:00,-285379.448590185,-935.4737734500777,12.757745914567522,2073.167769759835
2025-01-01 06:32:00,-286394.54004604515,-935.4737734500777,-30.22711212506664,3045.2743675803017
2025-01-01 06:33:00,-287395.3439709519,-935.4737734500777,-73.08970498500344,4003.2156996271533
2025-01-01 06:34:00,-288388.3634759207,-935.4737734500777,-104.22738473696143,4965.0975248439945
2025-01-01 06:35:00,-289390.67444983724,-935.4737734500777,-57.77003999829731,6013.86584349919
2025-01-01 06:36:00,-295481.0099108756,-916.7741959092482,0.0,0.0
2025-01-01 06:37:00,-295481.0099108756,-916.7741959092482,0.0,0.0
2025-01-01 06:38:00,-295481.0099108756,-916.7741959092482,0.0,0.0
2025-01-01 06:39:00,-295481.0099108756,-916.7741959092482,0.0,0.0
2025-01-01 06:40:00,-296491.466768925,-916.7741959092482,0.0,1010.4568580494515
2025-01-01 06:41:00,-297499.49524250714,-919.2025803765716,0.0,0.0
2025-01-01 06:42:00,-297499.49524250714,-919.2025803765716,0.0,0.0
2025-01-01 06:43:00,-297499.49524250714,-919.2025803765716,0.0,0.0
2025-01-01 06:44:00,-297499.49524250714,-919.2025803765716,0.0,0.0
2025-01-01 06:45:00,-297499.49524250714,-919.2025803765716,0.0,0.0
2025-01-01 06:46:00,-297499.49524250714,-919.2025803765716,0.0,0.0
2025-01-01 06:47:00,-298517.8830916202,-919.2025803765716,0.0,1018.3878491130719
2025-01-01 06:48:00,-299523.5297520928,-919.2025803765716,-12.741188640511893,2011.2933209451198
2025-01-01 06:49:00,-300523.91966596595,-919.2025803765716,-23.254681839254374,3001.1697416195666
2025-01-01 06:50:00,-303556.57195505814,-910.9747147432118,0.0,0.0
2025-01-01 06:51:00,-303556.57195505814,-910.9747147432118,0.0,0.0
2025-01-01 06:52:00,-303556.57195505814,-910.9747147432118,0.0,0.0
2025-01-01 06:53:00,-303556.57195505814,-910.9747147432118,0.0,0.0
2025-01-01 06:54:00,-303556.57195505814,-910.9747147432118,0.0,0.0
2025-01-01 06:55:00,-303556.57195505814,-910.9747147432118,0.0,0.0
2025-01-01 06:56:00,-303556.57195505814,-910.9747147432118,0.0,0.0
2025-01-01 06:57:00,-303556.57195505814,-910.9747147432118,0.0,0.0
2025-01-01 06:58:00,-303556.57195505814,-910.9747147432118,0.0,0.0
2025-01-01 06:59:00,-303556.57195505814,-910.9747147432118,0.0,0.0
2025-01-01 07:00:00,-303556.57195505814,-910.9747147432118,0.0,0.0
2025-01-01 07:01:00,-303556.57195505814,-910.9747147432118,0.0,0.0
2025-01-01 07:02:00,-303556.57195505814,-910.9747147432118,0.0,0.0
2025-01-01 07:03:00,-303556.57195505814,-910.9747147432118,0.0,0.0
2025-01-01 07:04:00,-303556.57195505814,-910.9747147432118,0.0,0.0
2025-01-01 07:05:00,-303556.57195505814,-910.9747147432118,0.0,0.0
2025-01-01 07:06:00,-303556.57195505814,-910.9747147432118,0.0,0.0
2025-01-01 07:07:00,-303556.57195505814,-910.9747147432118,0.0,0.0
2025-01-01 07:08:00,-303556.57195505814,-910.9747147432118,0.0,0.0
2025-01-01 07:09:00,-303556.57195505814,-910.9747147432118,0.0,0.0
2025-01-01 07:10:00,-303556.57195505814,-910.9747147432118,0.0,0.0
2025-01-01 07:11:00,-303556.57195505814,-910.9747147432118,0.0,0.0
2025-01-01 07:12:00,-303556.57195505814,-910.9747147432118,0.0,0.0
2025-01-01 07:13:00,-303556.57195505814,-910.9747147432118,0.0,0.0
2025-01-01 07:14:00,-303556.57195505814,-910.9747147432118,0.0,0.0
2025-01-01 07:15:00,-303556.57195505814,-910.9747147432118,0.0,0.0
2025-01-01 07:16:00,-303556.57195505814,-910.9747147432118,0.0,0.0
2025-01-01 07:17:00,-303556.57195505814,-910.9747147432118,0.0,0.0
2025-01-01 07:18:00,-303556.57195505814,-910.9747147432118,0.0,0.0
2025-01-01 07:19:00,-303556.57195505814,-910.9747147432118,0.0,0.0
2025-01-01 07:20:00,-303556.57195505814,-910.9747147432118,0.0,0.0
2025-01-01 07:21:00,-303556.57195505814,-910.9747147432118,0.0,0.0
2025-01-01 07:22:00,-303556.57195505814,-910.9747147432118,0.0,0.0
2025-01-01 07:23:00,-303556.57195505814,-910.9747147432118,0.0,0.0
2025-01-01 07:24:00,-303556.57195505814,-910.9747147432118,0.0,0.0
2025-01-01 07:25:00,-303556.57195505814,-910.9747147432118,0.0,0.0
2025-01-01 07:26:00,-303556.57195505814,-910.9747147432118,0.0,0.0
2025-01-01 07:27:00,-303556.57195505814,-910.9747147432118,0.0,0.0
2025-01-01 07:28:00,-304519.28215784556,-910.9747147432118,0.0,962.7102027874179
2025-01-01 07:29:00,-305487.9785885812,-910.9747147432118,5.986227948213809,1937.3928614712627
2025-01-01 07:30:00,-306441.4643085007,-910.9747147432118,-24.435193684001177,2860.457159758572
2025-01-01 07:31:00,-307394.2403163029,-910.9747147432118,-26.564330035947137,3811.104031208834
2025-01-01 07:32:00,-308352.9299389377,-910.9747147432118,-2.909870705605755,4793.44811317397
2025-01-01 07:33:00,-309315.2644789156,-910.9747147432118,15.314716009767722,5774.007239867212
2025-01-01 07:34:00,-310283.47489641653,-910.9747147432118,50.56998114805339,6777.472922506414
2025-01-01 07:35:00,-311259.75943509163,-910.9747147432118,107.08882936738632,7810.276309400853
2025-01-01 07:36:00,-312240.5268778849,-910.9747147432118,142.95206231285277,8826.906985139609
2025-01-01 07:37:00,-313225.5078762998,-910.9747147432118,180.87406290689927,9849.809984148507
2025-01-01 07:38:00,-314212.53455896926,-910.9747147432118,201.3309054529374,10857.293509363999
2025-01-01 07:39:00,-315188.89092513017,-910.9747147432118,83.95742385863457,11716.27639393058
2025-01-01 07:40:00,-316175.52981622,-910.9747147432118,207.3477230056828,12826.30558416743
2025-01-01 07:41:00,-317161.77844077843,-910.9747147432118,202.2742580977416,13807.48074381791
2025-01-01 07:42:00,-318154.74835659104,-910.9747147432118,296.37233565645215,14894.548737189238
2025-01-01 07:43:00,-319157.03514832194,-910.9747147432118,436.125474430703,16036.588667694386
2025-01-01 07:44:00,-320154.1496919025,-910.9747147432118,353.3695040251631,16950.9472408694
2025-01-01 07:45:00,-321146.931810408,-910.9747147432118,279.71827774954164,17870.078133099294
2025-01-01 07:46:00,-322136.64452335634,-910.9747147432118,224.46897771993392,18804.541546018005
2025-01-01 07:47:00,-323138.7856143231,-910.9747147432118,460.6081600700719,20042.821819334884
2025-01-01 07:48:00,-324131.9614779115,-910.9747147432118,281.3036125034577,20856.693135356683
2025-01-01 07:49:00,-325139.50837659877,-910.9747147432118,583.0953495795914,22166.031771120095
2025-01-01 07:50:00,-326149.035656841,-910.9747147432118,626.6637437888015,23219.127445571547
2025-01-01 07:51:00,-327161.25888236915,-910.9747147432118,688.6704853647188,24293.357412675618
2025-01-01 07:52:00,-328182.4871574321,-910.9747147432118,904.7916741987478,25530.70687657255
2025-01-01 07:53:00,-329204.5557398593,-910.9747147432118,925.7993583070097,26573.783143108045
2025-01-01 07:54:00,-330237.514262452,-910.9747147432118,1208.937802609249,27889.880110002985
2025-01-01 07:55:00,-331265.12940991303,-910.9747147432118,1064.6666740533647,28773.224128908107
2025-01-01 07:56:00,-332307.22722514975,-910.9747147432118,1470.1813717729838,30220.836641864433
2025-01-01 07:57:00,-333344.6824683441,-910.9747147432118,1335.5467825450703,31123.657295830883
2025-01-01 07:58:00,-334397.2159250001,-910.9747147432118,1787.893186393981,32628.537156335788
2025-01-01 07:59:00,-335445.3267748257,-910.9747147432118,1650.7923746518372,33539.54719441924
2025-01-01 08:00:00,-336490.4842095927,-910.9747147432118,1556.2830927764564,34490.19534731086
2025-01-01 08:01:00,-337525.14679248043,-910.9747147432118,1209.9529807616832,35178.527818183844
2025-01-01 08:02:00,-338551.8652612497,-910.9747147432118,939.8531007341824,35935.14640692565
2025-01-01 08:03:00,-339578.22761387436,-910.9747147432118,927.3890356706693,36949.044694486765
2025-01-01 08:04:00,-340606.99385833804,-910.9747147432118,1013.9291418766685,38064.35104515645
2025-01-01 08:05:00,-341645.88647937396,-910.9747147432118,1388.6050750489019,39477.9195993646
2025-01-01 08:06:00,-342682.5559860974,-910.9747147432118,1304.1267311739446,40430.11076221305
2025-01-01 08:07:00,-343707.58657597797,-910.9747147432118,850.2089743045531,41001.22359522426
2025-01-01 08:08:00,-344736.5369827356,-910.9747147432118,1007.0016493873969,42186.96667706479
2025-01-01 08:09:00,-345767.2001001668,-910.9747147432118,1077.222786999483,43287.85093210801
2025-01-01 08:10:00,-389268.2226013519,379.41964133339536,0.0,0.0
2025-01-01 08:11:00,-389268.2226013519,379.41964133339536,0.0,0.0
2025-01-01 08:12:00,-389268.2226013519,379.41964133339536,0.0,0.0
2025-01-01 08:13:00,-389268.2226013519,379.41964133339536,0.0,0.0
2025-01-01 08:14:00,-389268.2226013519,379.41964133339536,0.0,0.0
2025-01-01 08:15:00,-389268.2226013519,379.41964133339536,0.0,0.0
2025-01-01 08:16:00,-389268.2226013519,379.41964133339536,0.0,0.0
2025-01-01 08:17:00,-389268.2226013519,379.41964133339536,0.0,0.0
2025-01-01 08:18:00,-390306.92450952274,379.41964133339536,0.0,1038.7019081708215
2025-01-01 08:19:00,-391361.7003837488,379.41964133339536,16.073966055257927,2109.5517484521592
2025-01-01 08:20:00,-392435.4187424013,379.41964133339536,53.958934908106784,3221.1550759575116
2025-01-01 08:21:00,-393502.55747638433,379.41964133339536,34.22006089967567,4268.554935932107
2025-01-01 08:22:00,-394565.55889684905,379.41964133339536,17.6708068263423,5315.007102323467
2025-01-01 08:23:00,-395631.59907047777,379.41964133339536,32.864572646455485,6396.241041772296
2025-01-01 08:24:00,-396701.2046878512,379.41964133339536,54.257235114600064,7487.239321613847
2025-01-01 08:25:00,-397768.91766773956,379.41964133339536,41.0087727191592,8541.70383910675
2025-01-01 08:26:00,-398828.1071243299,379.41964133339536,-27.1794136650648,9532.705109312843
2025-01-01 08:27:00,-399886.94570351625,379.41964133339536,-30.337310300765807,10588.38579186349
2025-01-01 08:28:00,-400964.7857536873,379.41964133339536,159.67739954671956,11856.240551882074
2025-01-01 08:29:00,-402037.0467819732,379.41964133339536,98.3081588092682,12867.132339430498
2025-01-01 08:30:00,-403111.7074012505,379.41964133339536,127.10325070634397,13970.588050604872
2025-01-01 08:31:00,-404213.5239681844,379.41964133339536,480.13057024230505,15425.431937074743
2025-01-01 08:32:00,-405309.4913350296,379.41964133339536,398.24176900029545,16439.510502677927
2025-01-01 08:33:00,-406412.9320100784,379.41964133339536,510.34139205428346,17655.050800780708
2025-01-01 08:34:00,-407536.7500049085,379.41964133339536,836.3785085547199,19104.90591211122
2025-01-01 08:35:00,-408667.2058850132,379.41964133339536,949.2225582238266,20348.20584188505
2025-01-01 08:36:00,-409810.19516993756,379.41964133339536,1174.8238449771882,21716.796413562766
2025-01-01 08:37:00,-410962.5624782777,379.41964133339536,1353.0062898773792,23047.346166803112
2025-01-01 08:38:00,-412120.77544671606,379.41964133339536,1469.9194918409771,24322.472337205047
2025-01-01 08:39:00,-413294.996759833,379.41964133339536,1806.0947300922708,25832.86888857331
2025-01-01 08:40:00,-414476.83536271035,379.41964133339536,1973.6751048205165,27182.287866178896
2025-01-01 08:41:00,-415656.6988996021,379.41964133339536,1928.2485871523556,28316.72488540251
2025-01-01 08:42:00,-416838.29345778376,379.41964133339536,1969.7930981089157,29539.863954540695
2025-01-01 08:43:00,-418024.2442397205,379.41964133339536,2078.6986919866704,30834.720330355187
2025-01-01 08:44:00,-419205.5302169368,379.41964133339536,1957.4137692547856,31894.721384839588
2025-01-01 08:45:00,-420389.07362064614,379.41964133339536,2018.3642845687598,33139.215303862955
2025-01-01 08:46:00,-421573.16662105813,379.41964133339536,2033.7529922419112,34338.697011948105
2025-01-01 08:47:00,-422764.9027544778,379.41964133339536,2255.4038494639967,35752.08400258985
2025-01-01 08:48:00,-423982.419176093,379.41964133339536,3028.812495330162,37743.00907007121
2025-01-01 08:49:00,-425202.9718850102,379.41964133339536,3122.937401692384,39057.68668535064
2025-01-01 08:50:00,-426442.77824266546,379.41964133339536,3739.054161310194,40913.60980262372
2025-01-01 08:51:00,-427690.12133989617,379.41964133339536,3987.7665672993808,42409.665305843606
2025-01-01 08:52:00,-428939.79209314333,379.41964133339536,4066.906871860162,43738.47636365157
2025-01-01 08:53:00,-430183.8838960768,379.41964133339536,3871.643610880585,44787.30490560548
2025-01-01 08:54:00,-431430.39035670226,379.41964133339536,3958.5712877912215,46120.73904314156
2025-01-01 08:55:00,-432678.5542929066,379.41964133339536,4019.8978842110087,47430.22957576571
2025-01-01 08:56:00,-433917.97957358905,379.41964133339536,3687.8289743776368,48337.585946614774
2025-01-01 08:57:00,-435150.47743559716,379.41964133339536,3417.6596460783344,49299.914480323554
2025-01-01 08:58:00,-436387.62442590063,379.41964133339536,3603.6247778947627,50723.02660244348
2025-01-01 08:59:00,-437644.13924961427,379.41964133339536,4397.705947710932,52773.622595973306
2025-01-01 09:00:00,-438899.8279115509,379.41964133339536,4363.0071530764135,53994.61246327542
2025-01-01 09:01:00,-440137.3340271167,379.41964133339536,3581.1576591323055,54450.26908489716
2025-01-01 09:02:00,-441347.62978449994,379.41964133339536,2383.9018990979184,54463.30908224602
2025-01-01 09:03:00,-442545.56560442445,379.41964133339536,1827.7047134546913,55105.047716527304
2025-01-01 09:04:00,-498040.95347923914,2597.4645130754957,0.0,0.0
2025-01-01 09:05:00,-498040.95347923914,2597.4645130754957,0.0,0.0
2025-01-01 09:06:00,-498040.95347923914,2597.4645130754957,0.0,0.0
2025-01-01 09:07:00,-498040.95347923914,2597.4645130754957,0.0,0.0
2025-01-01 09:08:00,-498040.95347923914,2597.4645130754957,0.0,0.0
2025-01-01 09:09:00,-498040.95347923914,2597.4645130754957,0.0,0.0
2025-01-01 09:10:00,-498040.95347923914,2597.4645130754957,0.0,0.0
2025-01-01 09:11:00,-498040.95347923914,2597.4645130754957,0.0,0.0
2025-01-01 09:12:00,-498040.95347923914,2597.4645130754957,0.0,0.0
2025-01-01 09:13:00,-498040.95347923914,2597.4645130754957,0.0,0.0
2025-01-01 09:14:00,-498040.95347923914,2597.4645130754957,0.0,0.0
2025-01-01 09:15:00,-498040.95347923914,2597.4645130754957,0.0,0.0
2025-01-01 09:16:00,-498040.95347923914,2597.4645130754957,0.0,0.0
2025-01-01 09:17:00,-498040.95347923914,2597.4645130754957,0.0,0.0
2025-01-01 09:18:00,-498040.95347923914,2597.4645130754957,0.0,0.0
2025-01-01 09:19:00,-499261.16460652894,2597.4645130754957,0.0,1220.211127289831
2025-01-01 09:20:00,-500490.02707656176,2597.4645130754957,8.651342742998054,2457.7249400656583
2025-01-01 09:21:00,-501710.5776154444,2597.4645130754957,-7.97251955739668,3661.651616647895
2025-01-01 09:22:00,-502953.10954248585,2597.4645130754957,57.97164491914714,4970.127708165919
2025-01-01 09:23:00,-504197.23320778256,2597.4645130754957,64.3385979400108,6220.618326483479
2025-01-01 09:24:00,-505432.8837482357,2597.4645130754957,21.972973722308495,7413.903242718932
2025-01-01 09:25:00,-506663.0210206849,2597.4645130754957,-11.106634301275875,8610.960907144572
2025-01-01 09:26:00,-507869.91434832464,2597.4645130754957,-173.8142479675696,9655.146621118032
2025-01-01 09:27:00,-509071.3488211769,2597.4645130754957,-217.48508626765087,10812.910255670196
2025-01-01 09:28:00,-510243.6619722187,2597.4645130754957,-479.5769825617825,11723.131510417848
2025-01-01 09:29:00,-522058.9138686443,2210.0079165214233,0.0,0.0
2025-01-01 09:30:00,-522058.9138686443,2210.0079165214233,0.0,0.0
2025-01-01 09:31:00,-522058.9138686443,2210.0079165214233,0.0,0.0
2025-01-01 09:32:00,-522058.9138686443,2210.0079165214233,0.0,0.0
2025-01-01 09:33:00,-522058.9138686443,2210.0079165214233,0.0,0.0
2025-01-01 09:34:00,-522058.9138686443,2210.0079165214233,0.0,0.0
2025-01-01 09:35:00,-522058.9138686443,2210.0079165214233,0.0,0.0
2025-01-01 09:36:00,-522058.9138686443,2210.0079165214233,0.0,0.0
2025-01-01 09:37:00,-522058.9138686443,2210.0079165214233,0.0,0.0
2025-01-01 09:38:00,-522058.9138686443,2210.0079165214233,0.0,0.0
2025-01-01 09:39:00,-522058.9138686443,2210.0079165214233,0.0,0.0
2025-01-01 09:40:00,-522058.9138686443,2210.0079165214233,0.0,0.0
2025-01-01 09:41:00,-522058.9138686443,2210.0079165214233,0.0,0.0
2025-01-01 09:42:00,-522058.9138686443,2210.0079165214233,0.0,0.0
2025-01-01 09:43:00,-522058.9138686443,2210.0079165214233,0.0,0.0
2025-01-01 09:44:00,-522058.9138686443,2210.0079165214233,0.0,0.0
2025-01-01 09:45:00,-522058.9138686443,2210.0079165214233,0.0,0.0
2025-01-01 09:46:00,-522058.9138686443,2210.0079165214233,0.0,0.0
2025-01-01 09:47:00,-522058.9138686443,2210.0079165214233,0.0,0.0
2025-01-01 09:48:00,-523229.4461660394,2210.0079165214233,0.0,1170.5322973951097
2025-01-01 09:49:00,-524415.3989864567,2210.0079165214233,15.420523022216344,2371.9056408346523
2025-01-01 09:50:00,-525603.695244959,2210.0079165214233,20.107399192181674,3564.888775506927
2025-01-01 09:51:00,-526812.6198963833,2210.0079165214233,81.99257795808364,4835.6986056971045
2025-01-01 09:52:00,-528023.9371400566,2210.0079165214233,91.56294695451166,6056.586218366915
2025-01-01 09:53:00,-529227.3636451238,2210.0079165214233,52.10925392363862,7220.55903040325
2025-01-01 09:54:00,-530424.9669398097,2210.0079165214233,17.169991635987714,8383.223062801533
2025-01-01 09:55:00,-531628.8317295262,2210.0079165214233,61.00045684949009,9630.918317731468
2025-01-01 09:56:00,-532825.7899468966,2210.0079165214233,5.747878081343316,10772.623956333737
2025-01-01 09:57:00,-534043.4261342002,2210.0079165214233,191.84960747961952,12176.361873035568
2025-01-01 09:58:00,-535266.3751563994,2210.0079165214233,244.97795643683872,13452.439244192066
2025-01-01 09:59:00,-536489.7889417633,2210.0079165214233,250.09035124809543,14680.965424367261
2025-01-01 10:00:00,-537714.6712069251,2210.0079165214233,267.71210882201046,15923.469447102943
2025-01-01 10:01:00,-538936.4009125252,2210.0079165214233,226.72883452139416,17104.2158784025
2025-01-01 10:02:00,-540137.7450308319,2210.0079165214233,-58.66938758726974,18020.16177460054
2025-01-01 10:03:00,-541333.2844169933,2210.0079165214233,-145.7403697665859,19128.630178582636
2025-01-01 10:04:00,-542547.6414348428,2210.0079165214233,155.34173724300828,20644.069303441745
2025-01-01 10:05:00,-543764.7240991028,2210.0079165214233,201.67772621936365,21907.48795667799
2025-01-01 10:06:00,-544994.5508152816,2210.0079165214233,431.07066075870205,23366.707607396067
2025-01-01 10:07:00,-546237.6434365321,2210.0079165214233,683.1228571236181,24861.85242501156
2025-01-01 10:08:00,-547480.2573618398,2210.0079165214233,673.5489382652231,26094.892431460823
2025-01-01 10:09:00,-548730.9771420725,2210.0079165214233,843.7718916930137,27515.835165121403
2025-01-01 10:10:00,-549961.9806737839,2210.0079165214233,410.0144242213254,28313.081229361065
2025-01-01 10:11:00,-551211.1604693475,2210.0079165214233,828.0684928235087,29980.315093526868
2025-01-01 10:12:00,-552477.5800872674,2210.0079165214233,1241.8242293754354,31660.49044799874
2025-01-01 10:13:00,-553750.2562003849,2210.0079165214233,1398.2366093137098,33089.5789410545
2025-01-01 10:14:00,-555026.2498462532,2210.0079165214233,1484.4924608346296,34451.8284384437
2025-01-01 10:15:00,-556301.9174237994,2210.0079165214233,1475.688616137616,35718.69217129287
2025-01-01 10:16:00,-557592.5451252167,2210.0079165214233,1894.5720845302903,37428.203341102875
2025-01-01 10:17:00,-558893.1325839652,2210.0079165214233,2183.4050471324203,39017.62376245346
2025-01-01 10:18:00,-560156.6722546326,2210.0079165214233,1071.9714047018458,39169.72979069032
2025-01-01 10:19:00,-561415.6323402226,2210.0079165214233,930.0042673034113,40286.72273888194
2025-01-01 10:20:00,-562660.4962287489,2210.0079165214233,478.92596126464025,41080.50832136952
2025-01-01 10:21:00,-563889.2430951126,2210.0079165214233,-52.93577010411212,41777.39345636442
2025-01-01 10:22:00,-606151.5997257871,2642.035320727311,0.0,0.0
2025-01-01 10:23:00,-606151.5997257871,2642.035320727311,0.0,0.0
2025-01-01 10:24:00,-606151.5997257871,2642.035320727311,0.0,0.0
2025-01-01 10:25:00,-606151.5997257871,2642.035320727311,0.0,0.0
2025-01-01 10:26:00,-606151.5997257871,2642.035320727311,0.0,0.0
2025-01-01 10:27:00,-606151.5997257871,2642.035320727311,0.0,0.0
2025-01-01 10:28:00,-606151.5997257871,2642.035320727311,0.0,0.0
2025-01-01 10:29:00,-606151.5997257871,2642.035320727311,0.0,0.0
2025-01-01 10:30:00,-606151.5997257871,2642.035320727311,0.0,0.0
2025-01-01 10:31:00,-606151.5997257871,2642.035320727311,0.0,0.0
2025-01-01 10:32:00,-606151.5997257871,2642.035320727311,0.0,0.0
2025-01-01 10:33:00,-606151.5997257871,2642.035320727311,0.0,0.0
2025-01-01 10:34:00,-606151.5997257871,2642.035320727311,0.0,0.0
2025-01-01 10:35:00,-606151.5997257871,2642.035320727311,0.0,0.0
2025-01-01 10:36:00,-606151.5997257871,2642.035320727311,0.0,0.0
2025-01-01 10:37:00,-607396.2948820133,2642.035320727311,0.0,1244.6951562262545
2025-01-01 10:38:00,-608639.9853628767,2642.035320727311,-1.004675362883063,2487.380961726743
2025-01-01 10:39:00,-609895.0721238038,2642.035320727311,21.787884764699896,3765.260282781489
2025-01-01 10:40:00,-611154.50761572,2642.035320727311,34.83407773210217,5037.741967665189
2025-01-01 10:41:00,-612440.2448398726,2642.035320727311,140.0410066769453,6428.686120762539
2025-01-01 10:42:00,-613724.1873082148,2642.035320727311,131.06722762570826,7703.654810053564
2025-01-01 10:43:00,-615022.358206368,2642.035320727311,216.4378064914969,9087.196287072577
2025-01-01 10:44:00,-616307.0293484072,2642.035320727311,121.93951369269712,10277.36913631289
2025-01-01 10:45:00,-617583.6871106152,2642.035320727311,57.83247504424679,11489.919859872494
2025-01-01 10:46:00,-618884.7805026735,2642.035320727311,277.75314369637556,13010.933920582911
2025-01-01 10:47:00,-620197.1942884822,2642.035320727311,390.95708120060476,14436.551643895855
2025-01-01 10:48:00,-621516.1134717225,2642.035320727311,462.51645294720447,15827.03019888268
2025-01-01 10:49:00,-622866.7317641694,2642.035320727311,842.9057634275171,17558.03780180991
2025-01-01 10:50:00,-624216.5718466036,2642.035320727311,832.7890332634132,18897.761154080097
2025-01-01 10:51:00,-625581.3347612027,2642.035320727311,1041.7086835702335,20471.44371898598
2025-01-01 10:52:00,-626962.2978251971,2642.035320727311,1284.710924500332,22095.409023910484
2025-01-01 10:53:00,-628365.8179753282,2642.035320727311,1645.6243026877896,23859.84255222906
2025-01-01 10:54:00,-629753.2489368782,2642.035320727311,1372.1080968088029,24973.757307900076
2025-01-01 10:55:00,-631139.7900231493,2642.035320727311,1356.0903417893703,26344.280639151788
2025-01-01 10:56:00,-632530.8895353156,2642.035320727311,1442.7004337957612,27821.9902433244
2025-01-01 10:57:00,-633944.4373770735,2642.035320727311,1891.6670256286895,29684.50467691519
2025-01-01 10:58:00,-635364.396143162,2642.035320727311,2026.2964365730238,31239.09285394807
2025-01-01 10:59:00,-636801.2448997281,2642.035320727311,2397.876227078499,33047.521401019614
2025-01-01 11:00:00,-638220.4547886669,2642.035320727311,1992.1822716505108,34061.037334530396
2025-01-01 11:01:00,-639635.4416269402,2642.035320727311,1890.8290556771306,35374.670956830225
2025-01-01 11:02:00,-641069.8945355549,2642.035320727311,2377.4808142168145,37295.77562398471
2025-01-01 11:03:00,-642501.8648103523,2642.035320727311,2312.932334963563,38663.19741952882
2025-01-01 11:04:00,-643934.0581724802,2642.035320727311,2318.9556928860657,40101.41413957915
2025-01-01 11:05:00,-645389.0879302823,2642.035320727311,2958.37477176648,42195.86297626169
2025-01-01 11:06:00,-646831.7941484294,2642.035320727311,2600.9921217681863,43281.186544410404
2025-01-01 11:07:00,-648265.2820257109,2642.035320727311,2324.4418958032675,44438.124195727
2025-01-01 11:08:00,-649679.8035711984,2642.035320727311,1736.4856101878559,45264.689455599066
2025-01-01 11:09:00,-651117.5517749061,2642.035320727311,2479.738673237449,47445.69072235642
2025-01-01 11:10:00,-652569.8186056766,2642.035320727311,2958.853366308444,49377.07224619795
2025-01-01 11:11:00,-654036.3432909707,2642.035320727311,3443.620420108522,51328.36398529209
2025-01-01 11:12:00,-655498.10424384,2642.035320727311,3276.889785242757,52623.39430329565
2025-01-01 11:13:00,-656939.5529689783,2642.035320727311,2545.6495869277196,53333.60283011896
2025-01-01 11:14:00,-658357.2841148552,2642.035320727311,1668.0991542539805,53873.78354332211
2025-01-01 11:15:00,-659794.640527624,2642.035320727311,2413.859296147388,56056.90009798435
2025-01-01 11:16:00,-661240.1023242922,2642.035320727311,2729.9692682185537,57818.47186672361
2025-01-01 11:17:00,-662696.5341437897,2642.035320727311,3168.770181392936,59713.704599395445
2025-01-01 11:18:00,-664157.0613246595,2642.035320727311,3336.67999766084,61342.14159653319
2025-01-01 11:19:00,-665606.5766477748,2642.035320727311,2874.18197197052,62329.158893958185
2025-01-01 11:20:00,-667052.0235426427,2642.035320727311,2699.239557334491,63599.66337419011
2025-01-01 11:21:00,-668483.1808780495,2642.035320727311,2070.4989410393296,64402.08009330165
2025-01-01 11:22:00,-732174.5264953767,4001.799785792224,0.0,0.0
2025-01-01 11:23:00,-732174.5264953767,4001.799785792224,0.0,0.0
2025-01-01 11:24:00,-732174.5264953767,4001.799785792224,0.0,0.0
2025-01-01 11:25:00,-732174.5264953767,4001.799785792224,0.0,0.0
2025-01-01 11:26:00,-732174.5264953767,4001.799785792224,0.0,0.0
2025-01-01 11:27:00,-732174.5264953767,4001.799785792224,0.0,0.0
2025-01-01 11:28:00,-732174.5264953767,4001.799785792224,0.0,0.0
2025-01-01 11:29:00,-732174.5264953767,4001.799785792224,0.0,0.0
2025-01-01 11:30:00,-732174.5264953767,4001.799785792224,0.0,0.0
2025-01-01 11:31:00,-732174.5264953767,4001.799785792224,0.0,0.0
2025-01-01 11:32:00,-732174.5264953767,4001.799785792224,0.0,0.0
2025-01-01 11:33:00,-732174.5264953767,4001.799785792224,0.0,0.0
2025-01-01 11:34:00,-732174.5264953767,4001.799785792224,0.0,0.0
2025-01-01 11:35:00,-732174.5264953767,4001.799785792224,0.0,0.0
2025-01-01 11:36:00,-732174.5264953767,4001.799785792224,0.0,0.0
2025-01-01 11:37:00,-732174.5264953767,4001.799785792224,0.0,0.0
2025-01-01 11:38:00,-732174.5264953767,4001.799785792224,0.0,0.0
2025-01-01 11:39:00,-732174.5264953767,4001.799785792224,0.0,0.0
2025-01-01 11:40:00,-732174.5264953767,4001.799785792224,0.0,0.0
2025-01-01 11:41:00,-732174.5264953767,4001.799785792224,0.0,0.0
2025-01-01 11:42:00,-732174.5264953767,4001.799785792224,0.0,0.0
2025-01-01 11:43:00,-732174.5264953767,4001.799785792224,0.0,0.0
2025-01-01 11:44:00,-732174.5264953767,4001.799785792224,0.0,0.0
2025-01-01 11:45:00,-733561.2781035316,4001.799785792224,0.0,1386.7516081548597
2025-01-01 11:46:00,-734945.9911590648,4001.799785792224,-2.0385526216028893,2769.426111066514
2025-01-01 11:47:00,-736322.9845530676,4001.799785792224,-17.477875682660624,4130.980182008184
2025-01-01 11:48:00,-737681.1158505307,4001.799785792224,-74.06416530163028,5432.5251898522865
2025-01-01 11:49:00,-739028.3321921563,4001.799785792224,-117.72398865102218,6736.081708128619
2025-01-01 11:50:00,-740397.6309832433,4001.799785792224,-7.311741344642542,8215.792746521998
2025-01-01 11:51:00,-748660.170200314,4041.234514996222,0.0,0.0
2025-01-01 11:52:00,-750059.6845547584,4041.234514996222,0.0,1399.514354444348
2025-01-01 11:53:00,-751451.0582013149,4041.234514996222,-8.140707887774283,2782.747293113148
2025-01-01 11:54:00,-752828.3127901439,4041.234514996222,-36.378823342814144,4131.763766487163
2025-01-01 11:55:00,-754206.0367951036,4041.234514996222,-34.97057495091781,5510.896019838746
2025-01-01 11:56:00,-755573.1526940272,4041.234514996222,-77.40299909515187,6835.5794946181395
2025-01-01 11:57:00,-756943.4647173203,4041.234514996222,-61.42237724747815,8221.872139758976
2025-01-01 11:58:00,-765037.4131064203,3851.8883870898053,0.0,0.0
2025-01-01 11:59:00,-765037.4131064203,3851.8883870898053,0.0,0.0
2025-01-01 12:00:00,-765037.4131064203,3851.8883870898053,0.0,0.0
2025-01-01 12:01:00,-765037.4131064203,3851.8883870898053,0.0,0.0
2025-01-01 12:02:00,-765037.4131064203,3851.8883870898053,0.0,0.0
2025-01-01 12:03:00,-765037.4131064203,3851.8883870898053,0.0,0.0
2025-01-01 12:04:00,-765037.4131064203,3851.8883870898053,0.0,0.0
2025-01-01 12:05:00,-765037.4131064203,3851.8883870898053,0.0,0.0
2025-01-01 12:06:00,-765037.4131064203,3851.8883870898053,0.0,0.0
2025-01-01 12:07:00,-765037.4131064203,3851.8883870898053,0.0,0.0
2025-01-01 12:08:00,-765037.4131064203,3851.8883870898053,0.0,0.0
2025-01-01 12:09:00,-765037.4131064203,3851.8883870898053,0.0,0.0
2025-01-01 12:10:00,-765037.4131064203,3851.8883870898053,0.0,0.0
2025-01-01 12:11:00,-765037.4131064203,3851.8883870898053,0.0,0.0
2025-01-01 12:12:00,-765037.4131064203,3851.8883870898053,0.0,0.0
2025-01-01 12:13:00,-765037.4131064203,3851.8883870898053,0.0,0.0
2025-01-01 12:14:00,-765037.4131064203,3851.8883870898053,0.0,0.0
2025-01-01 12:15:00,-766397.5778347154,3851.8883870898053,0.0,1360.1647282950385
2025-01-01 12:16:00,-767770.7552904782,3851.8883870898053,13.012727467821605,2746.354911525719
2025-01-01 12:17:00,-769133.1397161647,3851.8883870898053,-8.5733326849126,4087.1532770594777
2025-01-01 12:18:00,-770477.3876314223,3851.8883870898053,-62.98286397154584,5376.99166103046
2025-01-01 12:19:00,-771796.952394232,3851.8883870898053,-161.71547376270325,6597.8238140491285
2025-01-01 12:20:00,-778428.2925810216,3723.6892860674416,0.0,0.0
2025-01-01 12:21:00,-778428.2925810216,3723.6892860674416,0.0,0.0
2025-01-01 12:22:00,-778428.2925810216,3723.6892860674416,0.0,0.0
2025-01-01 12:23:00,-778428.2925810216,3723.6892860674416,0.0,0.0
2025-01-01 12:24:00,-779792.6726356325,3723.6892860674416,0.0,1364.3800546108905
2025-01-01 12:25:00,-781160.7009376441,3723.6892860674416,3.648247400759601,2736.0566040233007
2025-01-01 12:26:00,-782533.1301566914,3723.6892860674416,12.450081472183854,4117.2876571420875
2025-01-01 12:27:00,-783903.1581769163,3723.6892860674416,5.246485004797705,5480.112080899602
2025-01-01 12:28:00,-785262.8322766947,3723.6892860674416,-36.169196781382595,6798.370498891775
2025-01-01 12:29:00,-786622.8895483708,3723.6892860674416,-34.253337292552146,8160.3436300567255
2025-01-01 12:30:00,-787982.82279647,3723.6892860674416,-34.99747875433428,9519.532736694102
2025-01-01 12:31:00,-789342.4156946362,3723.6892860674416,-37.37992828507686,10876.743185329553
2025-01-01 12:32:00,-790713.1268853298,3723.6892860674416,51.56641193511547,12336.400716243463
2025-01-01 12:33:00,-792083.9799805423,3723.6892860674416,52.843552603624744,13708.530952124414
2025-01-01 12:34:00,-793436.8497281595,3723.6892860674416,-126.98992334928107,14881.567223788661
2025-01-01 12:35:00,-794781.4735695856,3723.6892860674416,-217.6948914508091,16135.486097113235
2025-01-01 12:36:00,-796123.5833502951,3723.6892860674416,-247.86362004961632,17447.427149223964
2025-01-01 12:37:00,-813580.8944538955,3485.7096203943397,0.0,0.0
2025-01-01 12:38:00,-813580.8944538955,3485.7096203943397,0.0,0.0
2025-01-01 12:39:00,-813580.8944538955,3485.7096203943397,0.0,0.0
2025-01-01 12:40:00,-813580.8944538955,3485.7096203943397,0.0,0.0
2025-01-01 12:41:00,-813580.8944538955,3485.7096203943397,0.0,0.0
2025-01-01 12:42:00,-813580.8944538955,3485.7096203943397,0.0,0.0
2025-01-01 12:43:00,-813580.8944538955,3485.7096203943397,0.0,0.0
2025-01-01 12:44:00,-813580.8944538955,3485.7096203943397,0.0,0.0
2025-01-01 12:45:00,-813580.8944538955,3485.7096203943397,0.0,0.0
2025-01-01 12:46:00,-813580.8944538955,3485.7096203943397,0.0,0.0
2025-01-01 12:47:00,-813580.8944538955,3485.7096203943397,0.0,0.0
2025-01-01 12:48:00,-813580.8944538955,3485.7096203943397,0.0,0.0
2025-01-01 12:49:00,-813580.8944538955,3485.7096203943397,0.0,0.0
2025-01-01 12:50:00,-813580.8944538955,3485.7096203943397,0.0,0.0
2025-01-01 12:51:00,-813580.8944538955,3485.7096203943397,0.0,0.0
2025-01-01 12:52:00,-813580.8944538955,3485.7096203943397,0.0,0.0
2025-01-01 12:53:00,-813580.8944538955,3485.7096203943397,0.0,0.0
2025-01-01 12:54:00,-813580.8944538955,3485.7096203943397,0.0,0.0
2025-01-01 12:55:00,-813580.8944538955,3485.7096203943397,0.0,0.0
2025-01-01 12:56:00,-813580.8944538955,3485.7096203943397,0.0,0.0
2025-01-01 12:57:00,-813580.8944538955,3485.7096203943397,0.0,0.0
2025-01-01 12:58:00,-813580.8944538955,3485.7096203943397,0.0,0.0
2025-01-01 12:59:00,-813580.8944538955,3485.7096203943397,0.0,0.0
2025-01-01 13:00:00,-813580.8944538955,3485.7096203943397,0.0,0.0
2025-01-01 13:01:00,-813580.8944538955,3485.7096203943397,0.0,0.0
2025-01-01 13:02:00,-813580.8944538955,3485.7096203943397,0.0,0.0
2025-01-01 13:03:00,-813580.8944538955,3485.7096203943397,0.0,0.0
2025-01-01 13:04:00,-813580.8944538955,3485.7096203943397,0.0,0.0
2025-01-01 13:05:00,-813580.8944538955,3485.7096203943397,0.0,0.0
2025-01-01 13:06:00,-813580.8944538955,3485.7096203943397,0.0,0.0
2025-01-01 13:07:00,-813580.8944538955,3485.7096203943397,0.0,0.0
2025-01-01 13:08:00,-813580.8944538955,3485.7096203943397,0.0,0.0
2025-01-01 13:09:00,-813580.8944538955,3485.7096203943397,0.0,0.0
2025-01-01 13:10:00,-813580.8944538955,3485.7096203943397,0.0,0.0
2025-01-01 13:11:00,-813580.8944538955,3485.7096203943397,0.0,0.0
2025-01-01 13:12:00,-813580.8944538955,3485.7096203943397,0.0,0.0
2025-01-01 13:13:00,-813580.8944538955,3485.7096203943397,0.0,0.0
2025-01-01 13:14:00,-813580.8944538955,3485.7096203943397,0.0,0.0
2025-01-01 13:15:00,-813580.8944538955,3485.7096203943397,0.0,0.0
2025-01-01 13:16:00,-814874.417840745,3485.7096203943397,0.0,1293.5233868493835
2025-01-01 13:17:00,-816173.8910748363,3485.7096203943397,5.9498472419096515,2598.9464681825866
2025-01-01 13:18:00,-817464.5575790943,3485.7096203943397,-11.663612424593452,3871.999512774125
2025-01-01 13:19:00,-818750.5090004568,3485.7096203943397,-25.808861111456736,5143.805685449683
2025-01-01 13:20:00,-820038.8353208374,3485.7096203943397,-16.30926503847121,6441.631601903335
2025-01-01 13:21:00,-821309.8062586613,3485.7096203943397,-103.08617782236524,7625.8256269433305
2025-01-01 13:22:00,-822568.4282644279,3485.7096203943397,-177.17977016609083,8810.354040366206
2025-01-01 13:23:00,-823813.8736181858,3485.7096203943397,-269.4163342278455,9963.56283006223
2025-01-01 13:24:00,-825066.0026887157,3485.7096203943397,-215.94660005053214,11269.161634769487
2025-01-01 13:25:00,-836468.7832411843,3403.3819380429577,0.0,0.0
2025-01-01 13:26:00,-836468.7832411843,3403.3819380429577,0.0,0.0
2025-01-01 13:27:00,-837757.5782321974,3403.3819380429577,0.0,1288.7949910131304
2025-01-01 13:28:00,-839036.6196860168,3403.3819380429577,-9.753537193716681,2558.0829076388277
2025-01-01 13:29:00,-840311.5339309343,3403.3819380429577,-18.007954997533915,3824.742734752516
2025-01-01 13:30:00,-841583.250269994,3403.3819380429577,-27.601672570758637,5086.865356239055
2025-01-01 13:31:00,-842860.7642083392,3403.3819380429577,-4.411275429409045,6387.5696917255045
2025-01-01 13:32:00,-844165.9363534058,3403.3819380429577,133.8797581786406,7831.032870400265
2025-01-01 13:33:00,-845462.7094777812,3403.3819380429577,83.48563403055437,9077.41187062754
2025-01-01 13:34:00,-846771.5145835747,3403.3819380429577,167.70950395744876,10470.440846347923
2025-01-01 13:35:00,-848100.3243621736,3403.3819380429577,327.74688640007867,11959.288007389372
2025-01-01 13:36:00,-849435.8823119611,3403.3819380429577,388.4804270992589,13355.57949787617
2025-01-01 13:37:00,-850766.5661065563,3403.3819380429577,339.7388751754906,14637.521740547641
2025-01-01 13:38:00,-852086.0826741057,3403.3819380429577,216.89937766996877,15834.1988105914
2025-01-01 13:39:00,-853391.8128112406,3403.3819380429577,51.46221269733985,16974.49178275367
2025-01-01 13:40:00,-854671.8676377845,3403.3819380429577,-282.3168249859259,17920.76757161428
2025-01-01 13:41:00,-855949.0902966408,3403.3819380429577,-321.9671726125071,19158.339882843964
2025-01-01 13:42:00,-857222.7774333081,3403.3819380429577,-375.0000054461452,20378.994186677683
2025-01-01 13:43:00,-877777.1274621565,3203.7377747675464,0.0,0.0
2025-01-01 13:44:00,-877777.1274621565,3203.7377747675464,0.0,0.0
2025-01-01 13:45:00,-877777.1274621565,3203.7377747675464,0.0,0.0
2025-01-01 13:46:00,-877777.1274621565,3203.7377747675464,0.0,0.0
2025-01-01 13:47:00,-877777.1274621565,3203.7377747675464,0.0,0.0
2025-01-01 13:48:00,-877777.1274621565,3203.7377747675464,0.0,0.0
2025-01-01 13:49:00,-877777.1274621565,3203.7377747675464,0.0,0.0
2025-01-01 13:50:00,-877777.1274621565,3203.7377747675464,0.0,0.0
2025-01-01 13:51:00,-877777.1274621565,3203.7377747675464,0.0,0.0
2025-01-01 13:52:00,-877777.1274621565,3203.7377747675464,0.0,0.0
2025-01-01 13:53:00,-877777.1274621565,3203.7377747675464,0.0,0.0
2025-01-01 13:54:00,-877777.1274621565,3203.7377747675464,0.0,0.0
2025-01-01 13:55:00,-877777.1274621565,3203.7377747675464,0.0,0.0
2025-01-01 13:56:00,-879106.6536483396,3203.7377747675464,0.0,1329.5261861830572
2025-01-01 13:57:00,-880446.1957086467,3203.7377747675464,10.015874124000561,2679.0841206141163
2025-01-01 13:58:00,-881790.8435458356,3203.7377747675464,20.227427887785154,4033.9435115668502
2025-01-01 13:59:00,-883133.6296376304,3203.7377747675464,14.642191705496543,5371.144367179414
2025-01-01 14:00:00,-884459.9760229863,3203.7377747675464,-51.116634050436005,6631.731926779351
2025-01-01 14:01:00,-885783.5500359247,3203.7377747675464,-64.97849613826759,7941.4440776298225
2025-01-01 14:02:00,-887095.8667811563,3203.7377747675464,-132.52210237810175,9186.217216621653
2025-01-01 14:03:00,-888430.0979628279,3203.7377747675464,20.878952701766593,10673.849453373168
2025-01-01 14:04:00,-889769.5949751156,3203.7377747675464,63.0055976303953,12055.473110589523
2025-01-01 14:05:00,-891125.120830415,3203.7377747675464,207.26518473580882,13555.258552994377
2025-01-01 14:06:00,-892472.3809207852,3203.7377747675464,124.6075354433583,14819.860994072122
2025-01-01 14:07:00,-893809.0663894333,3203.7377747675464,8.28669649975268,16040.225623776561
2025-01-01 14:08:00,-895154.4173284366,3203.7377747675464,112.27234076310623,17489.56220704324
2025-01-01 14:09:00,-896487.8283830923,3203.7377747675464,-42.94615575623254,18667.754765179583
2025-01-01 14:10:00,-897815.406320412,3203.7377747675464,-124.60979846053135,19913.66905979495
2025-01-01 14:11:00,-899165.911048806,3203.7377747675464,219.292067656379,21608.075654305983
2025-01-01 14:12:00,-900511.018671617,3203.7377747675464,132.93837832679372,22866.829587787426
2025-01-01 14:13:00,-901837.0477488351,3203.7377747675464,-191.39689675457475,23868.52338992406
2025-01-01 14:14:00,-925285.2920756197,2592.0618148734948,0.0,0.0
2025-01-01 14:15:00,-925285.2920756197,2592.0618148734948,0.0,0.0
2025-01-01 14:16:00,-925285.2920756197,2592.0618148734948,0.0,0.0
2025-01-01 14:17:00,-925285.2920756197,2592.0618148734948,0.0,0.0
2025-01-01 14:18:00,-925285.2920756197,2592.0618148734948,0.0,0.0
2025-01-01 14:19:00,-925285.2920756197,2592.0618148734948,0.0,0.0
2025-01-01 14:20:00,-925285.2920756197,2592.0618148734948,0.0,0.0
2025-01-01 14:21:00,-926671.6459867546,2592.0618148734948,0.0,1386.3539111348748
2025-01-01 14:22:00,-928066.2144184242,2592.0618148734948,8.214520534779126,2789.1368633393067
2025-01-01 14:23:00,-929449.3725067574,2592.0618148734948,-14.606166138183028,4149.474264999518
2025-01-01 14:24:00,-930832.4839210099,2592.0618148734948,-14.7461883800338,5532.445657010222
2025-01-01 14:25:00,-932225.2271495357,2592.0618148734948,23.781068712750653,6963.716142628758
2025-01-01 14:26:00,-933631.2753266655,2592.0618148734948,90.30581173334667,8436.289062779226
2025-01-01 14:27:00,-935021.2708048176,2592.0618148734948,-6.010382133239034,9729.968347064747
2025-01-01 14:28:00,-936408.5744252426,2592.0618148734948,-24.85338622225072,11098.428963400838
2025-01-01 14:29:00,-937794.7310135196,2592.0618148734948,-34.029643406954904,12475.40929449315
2025-01-01 14:30:00,-939179.1999906881,2592.0618148734948,-49.21814338361514,13844.689771684989
2025-01-01 14:31:00,-940549.4894190056,2592.0618148734948,-191.0136318944683,15073.18371149155
2025-01-01 14:32:00,-941945.1852817507,2592.0618148734948,88.45714681019444,16748.350352941325
2025-01-01 14:33:00,-943337.7201152984,2592.0618148734948,50.524796441119975,18102.95283611994
2025-01-01 14:34:00,-944716.894423268,2592.0618148734948,-123.16203607415957,19308.440311574246
2025-01-01 14:35:00,-946122.0604613806,2592.0618148734948,240.7221859273278,21077.490571688286
2025-01-01 14:36:00,-947548.9116334378,2592.0618148734948,565.9991950970925,22829.618752915252
2025-01-01 14:37:00,-948977.7730425603,2592.0618148734948,598.1629881422054,24290.64395508289
2025-01-01 14:38:00,-950381.3659040446,2592.0618148734948,168.59767829180612,25264.671506716753
2025-01-01 14:39:00,-951778.4175104568,2592.0618148734948,50.85508699340494,26543.98052183048
2025-01-01 14:40:00,-953153.1902920501,2592.0618148734948,-372.44258456292414,27495.45563186752
2025-01-01 14:41:00,-954535.0239081149,2592.0618148734948,-231.2258951358271,29018.505937359347
2025-01-01 14:42:00,-983398.9480206886,2206.2540949520117,0.0,0.0
2025-01-01 14:43:00,-983398.9480206886,2206.2540949520117,0.0,0.0
2025-01-01 14:44:00,-983398.9480206886,2206.2540949520117,0.0,0.0
2025-01-01 14:45:00,-983398.9480206886,2206.2540949520117,0.0,0.0
2025-01-01 14:46:00,-983398.9480206886,2206.2540949520117,0.0,0.0
2025-01-01 14:47:00,-984806.1879146076,2206.2540949520117,0.0,1407.2398939189166
2025-01-01 14:48:00,-986230.6937023248,2206.2540949520117,17.265893798245315,2849.0115754343237
2025-01-01 14:49:00,-987653.7727894258,2206.2540949520117,14.41249256606227,4269.237261303211
2025-01-01 14:50:00,-989073.9534379822,2206.2540949520117,5.717176932013217,5680.722594225549
2025-01-01 14:51:00,-990490.9176771428,2206.2540949520117,-7.1484606513891435,7084.821195802684
2025-01-01 14:52:00,-991913.0873541619,2206.2540949520117,18.878728641592488,8533.018062114797
2025-01-01 14:53:00,-993356.4855953811,2206.2540949520117,146.2501138420305,10103.787688534441
2025-01-01 14:54:00,-994795.9704433114,2206.2540949520117,118.85636081918165,11515.87878344182
2025-01-01 14:55:00,-996200.5587200176,2206.2540949520117,-160.316208973245,12641.294490355567
2025-01-01 14:56:00,-997617.5641947218,2206.2540949520117,-48.561426990812606,14170.05474704222
2025-01-01 14:57:00,-999035.5189315566,2206.2540949520117,-39.06880568461361,15597.502105183263
2025-01-01 14:58:00,-1000460.789452968,2206.2540949520117,41.40482465824675,17103.24625693759
2025-01-01 14:59:00,-1001863.7894688977,2206.2540949520117,-225.84124112263794,18239.000207086432
2025-01-01 15:00:00,-1003259.36687568,2206.2540949520117,-322.33516003942725,19538.083694951925
2025-01-01 15:01:00,-1022952.634668496,2039.103032776538,0.0,0.0
2025-01-01 15:02:00,-1022952.634668496,2039.103032776538,0.0,0.0
2025-01-01 15:03:00,-1022952.634668496,2039.103032776538,0.0,0.0
2025-01-01 15:04:00,-1022952.634668496,2039.103032776538,0.0,0.0
2025-01-01 15:05:00,-1022952.634668496,2039.103032776538,0.0,0.0
2025-01-01 15:06:00,-1022952.634668496,2039.103032776538,0.0,0.0
2025-01-01 15:07:00,-1022952.634668496,2039.103032776538,0.0,0.0
2025-01-01 15:08:00,-1022952.634668496,2039.103032776538,0.0,0.0
2025-01-01 15:09:00,-1022952.634668496,2039.103032776538,0.0,0.0
2025-01-01 15:10:00,-1022952.634668496,2039.103032776538,0.0,0.0
2025-01-01 15:11:00,-1022952.634668496,2039.103032776538,0.0,0.0
2025-01-01 15:12:00,-1022952.634668496,2039.103032776538,0.0,0.0
2025-01-01 15:13:00,-1022952.634668496,2039.103032776538,0.0,0.0
2025-01-01 15:14:00,-1022952.634668496,2039.103032776538,0.0,0.0
2025-01-01 15:15:00,-1022952.634668496,2039.103032776538,0.0,0.0
2025-01-01 15:16:00,-1022952.634668496,2039.103032776538,0.0,0.0
2025-01-01 15:17:00,-1022952.634668496,2039.103032776538,0.0,0.0
2025-01-01 15:18:00,-1022952.634668496,2039.103032776538,0.0,0.0
2025-01-01 15:19:00,-1022952.634668496,2039.103032776538,0.0,0.0
2025-01-01 15:20:00,-1024306.0933106795,2039.103032776538,0.0,1353.4586421835857
2025-01-01 15:21:00,-1025661.2122448564,2039.103032776538,1.6602919932256555,2710.2378683536226
2025-01-01 15:22:00,-1027038.3475044434,2039.103032776538,45.692942813651314,4131.405778761073
2025-01-01 15:23:00,-1028411.4641281547,2039.103032776538,33.63703518659918,5492.466494845361
2025-01-01 15:24:00,-1029763.1163190114,2039.103032776538,-52.22069623156784,6758.260954283994
2025-01-01 15:25:00,-1031126.7050825187,2039.103032776538,7.4621670208330215,8181.532581043673
2025-01-01 15:26:00,-1032489.2324667537,2039.103032776538,1.0938913870609213,9537.691689644884
2025-01-01 15:27:00,-1033855.8304411763,2039.103032776538,29.588022700827423,10932.783795381314
2025-01-01 15:28:00,-1035212.1544543365,2039.103032776538,-52.60366739910495,12206.916118441555
2025-01-01 15:29:00,-1036570.0147812746,2039.103032776538,-38.77684339774703,13578.603269381018
2025-01-01 15:30:00,-1037908.3453021541,2039.103032776538,-234.0749039843368,14721.635729673872
2025-01-01 15:31:00,-1039271.7467389196,2039.103032776538,41.705170762492116,16360.817241186216
2025-01-01 15:32:00,-1040649.8735665309,2039.103032776538,218.40986091103161,17915.648758945987
2025-01-01 15:33:00,-1042028.9355291367,2039.103032776538,230.56661584070866,19306.867476481482
2025-01-01 15:34:00,-1043419.7577691232,2039.103032776538,395.2104991708737,20862.3335997982
2025-01-01 15:35:00,-1044801.6293749164,2039.103032776538,260.95098627186417,22109.94569269247
2025-01-01 15:36:00,-1046197.7337167987,2039.103032776538,488.6747636950679,23733.7738119979
2025-01-01 15:37:00,-1047589.1642457339,2039.103032776538,409.21994359453265,25045.749520832505
2025-01-01 15:38:00,-1048974.978286722,2039.103032776538,308.12316054625086,26330.466778772236
2025-01-01 15:39:00,-1050347.5561048968,2039.103032776538,56.63492709411457,27451.55636349484
2025-01-01 15:40:00,-1051725.948149884,2039.103032776538,172.91946334074225,28946.23294472854
2025-01-01 15:41:00,-1053104.6740339352,2039.103032776538,179.93008368718392,30331.969449126173
2025-01-01 15:42:00,-1054502.8705683239,2039.103032776538,608.2843911100764,32158.520290937657
2025-01-01 15:43:00,-1055886.2127532205,2039.103032776538,266.63435279135,33200.212437515416
2025-01-01 15:44:00,-1057275.4798908734,2039.103032776538,408.8332189492405,34731.67844132636
2025-01-01 15:45:00,-1058681.242992738,2039.103032776538,821.2323242358758,36549.84064847751
2025-01-01 15:46:00,-1060123.4092247814,2039.103032776538,1767.7137088845852,38938.48826516954
2025-01-01 15:47:00,-1061568.3788015826,2039.103032776538,1843.4040173436108,40459.148150429624
2025-01-01 15:48:00,-1063008.245232897,2039.103032776538,1700.5159437179532,41756.12650811839
2025-01-01 15:49:00,-1064450.5372772587,2039.103032776538,1770.8587220859101,43268.761330847934
2025-01-01 15:50:00,-1065911.832926053,2039.103032776538,2340.9668550692477,45300.165112625655
2025-01-01 15:51:00,-1067392.375520016,2039.103032776538,2937.6221552974766,47377.363006816915
2025-01-01 15:52:00,-1068871.1700591468,2039.103032776538,2881.684400668102,48800.219791318406
2025-01-01 15:53:00,-1070369.1444828052,2039.103032776538,3514.620590071334,50931.13040437988
2025-01-01 15:54:00,-1071866.776348739,2039.103032776538,3502.97362744094,52417.115307683285
2025-01-01 15:55:00,-1073376.9976080612,2039.103032776538,3943.602396033315,54367.96533559782
2025-01-01 15:56:00,-1074895.475753962,2039.103032776538,4240.850312871126,56183.691398336625
2025-01-01 15:57:00,-1076408.005137985,2039.103032776538,4020.7461233845142,57476.116592872975
2025-01-01 15:58:00,-1077906.5827969264,2039.103032776538,3490.580570277615,58444.52869870729
2025-01-01 15:59:00,-1079423.4005215345,2039.103032776538,4201.943131290227,60672.70898432811
2025-01-01 16:00:00,-1080963.2938376656,2039.103032776538,5124.966792205011,63135.62596137396
2025-01-01 16:01:00,-1082509.4041664728,2039.103032776538,5379.864311933439,64936.63380990977
2025-01-01 16:02:00,-1084055.1404045108,2039.103032776538,5364.152499613276,66466.65823562746
2025-01-01 16:03:00,-1085582.6517972357,2039.103032776538,4580.484151161027,67210.50127990021
2025-01-01 16:04:00,-1087128.3051279285,2039.103032776538,5378.72942174409,69554.39988117608
2025-01-01 16:05:00,-1088678.3371070432,2039.103032776538,5575.76860073418,71301.47103928098
2025-01-01 16:06:00,-1090224.35597627,2039.103032776538,5391.165545889304,72662.88685366297
2025-01-01 16:07:00,-1091783.8452661226,2039.103032776538,6024.275315299701,74855.48591292599
2025-01-01 16:08:00,-1093322.3441470182,2039.103032776538,5016.735685361747,75386.44516388363
2025-01-01 16:09:00,-1094845.4529416794,2039.103032776538,4262.621459880805,76155.43973306398
2025-01-01 16:10:00,-1096358.2389430893,2039.103032776538,3746.481797308885,77152.08607190188
2025-01-01 16:11:00,-1097878.7992705088,2039.103032776538,4142.97242380798,79069.13702582062
2025-01-01 16:12:00,-1177089.9300615645,6324.0692218197455,0.0,0.0
2025-01-01 16:13:00,-1177089.9300615645,6324.0692218197455,0.0,0.0
2025-01-01 16:14:00,-1177089.9300615645,6324.0692218197455,0.0,0.0
2025-01-01 16:15:00,-1178650.325640313,6324.0692218197455,0.0,1560.3955787484974
2025-01-01 16:16:00,-1180240.366892775,6324.0692218197455,29.64567371354633,3180.0825049240875
2025-01-01 16:17:00,-1181848.011184577,6324.0692218197455,64.85175239293739,4822.9328754052185
2025-01-01 16:18:00,-1183453.720175468,6324.0692218197455,59.04584966082439,6422.83596356414
2025-01-01 16:19:00,-1185050.8333535462,6324.0692218197455,24.662598410282044,7985.565890391996
2025-01-01 16:20:00,-1186646.5006126424,6324.0692218197455,17.433003499149322,9574.003554577035
2025-01-01 16:21:00,-1188253.4883621037,6324.0692218197455,85.35594569005099,11248.91424622926
2025-01-01 16:22:00,-1189853.4778989393,6324.0692218197455,36.36845731063204,12799.916294685534
2025-01-01 16:23:00,-1191465.288326166,6324.0692218197455,130.93558044059733,14506.293845042435
2025-01-01 16:24:00,-1193087.0173106662,6324.0692218197455,220.20259589837394,16217.289845000236
2025-01-01 16:25:00,-1194693.5760146028,6324.0692218197455,68.49979026549278,17672.145743304092
2025-01-01 16:26:00,-1196317.58165875,6324.0692218197455,260.416132582161,19488.067729768103
2025-01-01 16:27:00,-1197947.5520695972,6324.0692218197455,331.99333298065966,21189.615341013818
2025-01-01 16:28:00,-1199607.4843304732,6324.0692218197455,721.4973833548487,23239.051652264006
2025-01-01 16:29:00,-1201267.094239046,6324.0692218197455,716.9844511119309,24894.14862859403
2025-01-01 16:30:00,-1202921.6725459024,6324.0692218197455,641.5104253613208,26473.252909699644
2025-01-01 16:31:00,-1204558.8168520282,6324.0692218197455,362.56641367566857,27831.453204139867
2025-01-01 16:32:00,-1206178.479683423,6324.0692218197455,65.3813432439182,29153.93096510271
2025-01-01 16:33:00,-1207813.5342936686,6324.0692218197455,342.43336256402216,31066.037594668527
2025-01-01 16:34:00,-1209476.5583667262,6324.0692218197455,873.8531559897467,33260.48146115184
2025-01-01 16:35:00,-1211137.8454241354,6324.0692218197455,839.1128430217782,34887.028205593066
2025-01-01 16:36:00,-1212796.3278681072,6324.0692218197455,780.2159608353111,36486.61376737834
2025-01-01 16:37:00,-1214455.972114906,6324.0692218197455,805.7756230261089,38171.81767636773
2025-01-01 16:38:00,-1216134.8994081086,6324.0692218197455,1249.2856903189818,40294.255036863244
2025-01-01 16:39:00,-1217798.257116437,6324.0692218197455,875.6156533358919,41583.94270820849
